,uri,genres
4000,spotify:track:5NaOWLOmVjcA3M5spRATN9,dance pop
4001,spotify:track:3ozomn4PrGEKEuusxX2HpC,canadian pop
4002,spotify:track:3TS25nchaYIPb2Y2fw6cbb,contemporary r&b
4003,spotify:track:5YScXJKtefsgdskIy60N7A,anarcho-punk
4004,spotify:track:5otUV0LUycAHXqGVz8bZY0,contemporary r&b
4005,spotify:track:6PyLw3l6ndolBrTPQp3Ibm,contemporary r&b
4006,spotify:track:7hfRrdFJgFKK3cJ4rmkecE,contemporary r&b
4007,spotify:track:5MDQNJ7SZTytJwCbWKqJDL,ectofolk
4008,spotify:track:6SluaPiV04KOaRTOIScoff,dance pop
4009,spotify:track:6ZIuoDs3i1KjKurJf9miSs,boy band
4010,spotify:track:08bn759cPYICtUPoYx29P0,dance pop
4011,spotify:track:35EhXVNa2anqUwo3xl8yBU,dance pop
4012,spotify:track:013AWvizllIUEC2FOBzOnh,boy band
4013,spotify:track:6FuJokk9FHx0E00SZ8ib8X,boy band
4014,spotify:track:4oJEy4qDPwDk5ac26yEMeL,contemporary r&b
4015,spotify:track:5L0KDoZklMgs9GPoonneEl,atl hip hop
4016,spotify:track:2cZuNzaAGNFozlZTxSDU1g,east coast hip hop
4017,spotify:track:3Uvx1TO0Kg5HgGPk58lHXv,alternative metal
4018,spotify:track:33LC84JgLvK2KuW43MfaNq,canadian pop
4019,spotify:track:0weAUscowxeqDtpCgtbpgp,hip hop
4020,spotify:track:5kHgrRO3hMDPehtH9VhYQc,dance pop
4021,spotify:track:2IObe2lNB04HPbFfsSQ89f,atlanta bass
4022,spotify:track:1GwMQaZz6Au3QLDbjbMdme,pop
4023,spotify:track:1RQnYh2xw2BPpnzQFbO5r5,dance pop
4024,spotify:track:0jOXmNowR2j1hVpZMqnz9P,rap kreyol
4025,spotify:track:6dLujFTBvLRnr8zPMMVUJg,bronx hip hop
4026,spotify:track:5GorFaKkP2mLREQvhSblIg,contemporary r&b
4027,spotify:track:6lknMmJZALXxx7emwwZWLX,dance pop
4028,spotify:track:0sKJExQWRKxd76gSSwrsaI,cali rap
4029,spotify:track:5IFCyWplye09HytIP80RCF,boy band
4030,spotify:track:57iDDD9N9tTWe75x6qhStw,britpop
4031,spotify:track:3EdakRU1Y7pc8QXcON3vlz,contemporary r&b
4032,spotify:track:1VyA8mbSyXOdJx2lguR8Uu,
4033,spotify:track:3RSpK5Y0y5tl25qvssrwJ6,dance pop
4034,spotify:track:7L3D42GR3ZdROSC554hY3l,classify
4035,spotify:track:4rTeOSYqwXNz5qPR2DUTFZ,boy band
4036,spotify:track:0Cwn4fq9ysV0PsfSew34bp,east coast hip hop
4037,spotify:track:4Wtk0YYWUcx1JYicaq5Jd0,contemporary r&b
4038,spotify:track:5mkGfmJGFZpwK9nA5amOhv,alternative metal
4039,spotify:track:221LRlPHPuevgE1tuUlof9,boy band
4040,spotify:track:6Zyk31Yyk7AUU1TTJn7plb,atl hip hop
4041,spotify:track:30lxTiMzVRxp6wLcTn6awC,contemporary r&b
4042,spotify:track:4FTq81I0X4J6y9X06GcZIN,dance pop
4043,spotify:track:0rl84FuazRHYmK72krdmA1,canadian pop
4044,spotify:track:5PIveStlGgjVL54GpVcqxr,atl hip hop
4045,spotify:track:2Y0wPrPQBrGhoLn14xRYCG,chicago rap
4046,spotify:track:0b5w1gamS9f239Sms9guAB,contemporary r&b
4047,spotify:track:5919i3Sp9U2IE5m7hhlgSw,boy band
4048,spotify:track:74nsOZqzZzyvFVvBy12I7Y,
4049,spotify:track:7ziHnshbknkpFLDW5yGBjO,dance pop
4050,spotify:track:6YXWauQKn5nQVhcC4KVplQ,lilith
4051,spotify:track:37giHQffMdB94OqVy4ZBd8,boy band
4052,spotify:track:1ntjFaRNVpC1V2cKekUnU5,eurodance
4053,spotify:track:35irxCsC8QXJ1IN0eioD3H,contemporary r&b
4054,spotify:track:59tskctgqUmjCWAwhzYAFm,pop
4055,spotify:track:31bf9SEOppLU6lQ85d8om6,new jersey rap
4056,spotify:track:5qlJg0Wbj3sslxfwiaRNpq,album rock
4057,spotify:track:5rWzxloNXvbRPhlC1O2b6T,contemporary r&b
4058,spotify:track:0ALJZXgutuN6F680E8lQPs,contemporary r&b
4059,spotify:track:2N5CvukjQqiWxjzZLMqqBN,atlanta bass
4060,spotify:track:29hBRadFZf9QTGRHZmxm65,canadian pop
4061,spotify:track:22mek4IiqubGD9ctzxc69s,dance pop
4062,spotify:track:5EYWGM3Ns3iYew8ws0FatB,contemporary country
4063,spotify:track:6zZJkvtu3N9GhbSQdVzsKT,boy band
4064,spotify:track:0cv9WHEizHUkZAo0kXorgA,
4065,spotify:track:4NCw4yDSGuGSpAxmZNCmTN,boy band
4066,spotify:track:51QxenFmXlJXUN9mpvxlaL,canadian pop
4067,spotify:track:3upCmUgdchN3u0vkedbC5S,contemporary r&b
4068,spotify:track:6IVcP0GyH1xRmqdTiNdjzn,contemporary r&b
4069,spotify:track:01VFDkHBNJcCNUjzD3flWg,dance pop
4070,spotify:track:6I3LsZncKrJG9mwv12FCEg,
4071,spotify:track:0mIuIBLkaRvPCz6A0mPqbM,atl hip hop
4072,spotify:track:415UcHrHmccvFOKaKsbLVN,
4073,spotify:track:0uEp9E98JB5awlA084uaIg,alternative r&b
4074,spotify:track:0Q7Jp3aCwfYnSnbMDoXWyR,canadian country
4075,spotify:track:6Qyc6fS4DsZjB2mRW9DsQs,neo mellow
4076,spotify:track:7MQywXGHEev7JmwwIzMcao,contemporary r&b
4077,spotify:track:70L4pGAmYv0pTADrgsIxpI,pop rock
4078,spotify:track:1t2Hq2WIBcZINOEnK6mdJG,pop rock
4079,spotify:track:6tBD4yjOf9P8rWwUlXdJFm,contemporary r&b
4080,spotify:track:3MjUtNVVq3C8Fn0MP3zhXa,dance pop
4081,spotify:track:7mzPAftljnsFmU6131Pqcd,gen z singer-songwriter
4082,spotify:track:6ZNw9Cnc85OeHZrjMAZJfY,dance pop
4083,spotify:track:3PYtlkObLFZ2SaFjS4TyJR,gangster rap
4084,spotify:track:1AM1o0mKbgAK5oMpY8B3Z7,contemporary r&b
4085,spotify:track:3hlhefxgyp4MDnN6C2dQ5H,boy band
4086,spotify:track:3354J49VpkbZJho7Ztdzpw,alternative metal
4087,spotify:track:3xZMPZQYETEn4hjor3TR1A,canadian pop
4088,spotify:track:615auKcis6sGDrHk6UTeog,alaska indie
4089,spotify:track:0nnwn7LWHCAu09jfuH1xTA,neo mellow
4090,spotify:track:2goLsvvODILDzeeiT4dAoR,dance pop
4091,spotify:track:7x3ryI2jxZohGo7SZt2Tlq,contemporary r&b
4092,spotify:track:0JN7vUgUolHGHFrOR8xk7S,dance pop
4093,spotify:track:4J9u7UsXH7F6sFI32KnYuP,dance pop
4094,spotify:track:08zfRiERqpy7J0x8akk7zt,boy band
4095,spotify:track:0hcW7qPqWWJc8189OaqQvX,contemporary r&b
4096,spotify:track:2ouURa1AIXp3AvkS52Jry5,alternative metal
4097,spotify:track:1CAw3ethNuSDPf3E7luSFF,contemporary r&b
4098,spotify:track:1KGi9sZVMeszgZOWivFpxs,atl hip hop
4099,spotify:track:0FpLfrOyHblbDlHUsrPN1N,east coast hip hop
4100,spotify:track:754kgU5rWscRTfvlsuEwFp,lilith
4101,spotify:track:2feekrJqyB9lBEBgC54IQn,dance pop
4102,spotify:track:2SiXAy7TuUkycRVbbWDEpo,australian rock
4103,spotify:track:34Tq4vFc9aiShjelMTEfdO,idol
4104,spotify:track:3EKEsJWz8oaxG1lfrojWug,contemporary r&b
4105,spotify:track:2Dhvr9FffaScu2bGJBM4O1,contemporary r&b
4106,spotify:track:0Ph6L4l8dYUuXFmb71Ajnd,latin pop
4107,spotify:track:21yRtB6B8EMounImAfHRCP,hip hop
4108,spotify:track:5u7BDyugDW7ZXkXdCxU9JC,contemporary country
4109,spotify:track:1OxcIUqVmVYxT6427tbhDW,permanent wave
4110,spotify:track:6xNnPtnmqpktZLFkgT21u7,idol
4111,spotify:track:6vUPPEN2V2lZ78b6DyEIjZ,
4112,spotify:track:6LVzOLJkzG3C4hLNOdaBry,classic oklahoma country
4113,spotify:track:3x4yV0hW5Ve3TKhFkXSqFn,dance pop
4114,spotify:track:2RtvkLz5tmOXlzz918It6E,neo soul
4115,spotify:track:4VSyH8AkIt3kaR5xIPFVVi,contemporary r&b
4116,spotify:track:4FUfoWMypAyWbOavmYyeNu,canadian country
4117,spotify:track:1Pqv7l6vxjBxd5fx4bWchC,contemporary r&b
4118,spotify:track:6v4UCusR4LTRlM5WHBUyxQ,contemporary r&b
4119,spotify:track:47BBI51FKFwOMlIiX6m8ya,boy band
4120,spotify:track:1Oi2zpmL81Q0yScF1zxaC0,dance pop
4121,spotify:track:0QnONzv3TvHAWk294h6DaQ,alternative metal
4122,spotify:track:7861kBrZ5aw7o4NfggcyYW,dance pop
4123,spotify:track:3Osd3Yf8K73aj4ySn6LrvK,east coast hip hop
4124,spotify:track:6PuaQbH3oPmj9XojS0SRaO,boy band
4125,spotify:track:11mwFrKvLXCbcVGNxffGyP,dance pop
4126,spotify:track:3cfOd4CMv2snFaKAnMdnvK,pop rock
4127,spotify:track:6r78MF6BFaeEG8rBw9Y5nQ,
4128,spotify:track:3fQtdmVB0cAe4Hs9e5bVQb,contemporary r&b
4129,spotify:track:7uYroF9RRrhRJBrigRvB6H,boy band
4130,spotify:track:3MPKTMJIxlORqcxw542HHK,east coast hip hop
4131,spotify:track:0xzDbdFFnPz9CiQ0YZMq4K,canadian pop
4132,spotify:track:2bbeNsFmjZqdoDhjLsKNWe,dance pop
4133,spotify:track:0BUoLE4o9eVahDHvTqak67,atl hip hop
4134,spotify:track:1gwLjpvAbu6IVmVdAfPJ0G,
4135,spotify:track:6zeDYmP3ARpURvpK29Q09P,alternative metal
4136,spotify:track:7mnGQesk1TzQLzQ9bYWZPR,pop rock
4137,spotify:track:1G391cbiT3v3Cywg8T7DM1,alternative rock
4138,spotify:track:2sEk5R8ErGIFxbZ7rX6S2S,metropopolis
4139,spotify:track:6x4tKaOzfNJpEJHySoiJcs,latin pop
4140,spotify:track:4Bza6algEDbY8yrm8qMeg7,latin pop
4141,spotify:track:7ffwRz8lZyDOE4Vj58Lo72,latin pop
4142,spotify:track:1ckU1EhAO0Nr73QYw24SWJ,dance pop
4143,spotify:track:03qVg9HRUJystE3EtupDei,canadian pop
4144,spotify:track:6XgwPf0cqjySCMsOmQq4t6,boy band
4145,spotify:track:00FROhC5g4iJdax5US8jRr,dance pop
4146,spotify:track:6mwA6YiKDjAUG8kWvRRUPh,contemporary r&b
4147,spotify:track:4agp6oHofabdUedr0B1krj,canadian rock
4148,spotify:track:5smPCwVq1pp9b9mnhKRxQj,
4149,spotify:track:1DSJNBNhGZCigg9ll5VeZv,dance pop
4150,spotify:track:5gZEhPrN1VLqTG1nIAXeNK,dance pop
4151,spotify:track:6nozDLxeL0TE4MS9GqYU1v,boy band
4152,spotify:track:5yaCquc7koPqtgj7v0lwHX,dance pop
4153,spotify:track:5PMKzsUsTpZZGsCcJBuhP2,contemporary r&b
4154,spotify:track:4DJwdQDai9DLYBL9TNrEDo,boy band
4155,spotify:track:7mYvtEeBdMqRSyj1Qpv6my,dance pop
4156,spotify:track:7h4FywzqhgZrrvpiLDJ2vw,smooth jazz
4157,spotify:track:1cjBan0t4eBk2Y5j17hdyf,contemporary r&b
4158,spotify:track:5bGmuxShUba9maPswDnhCs,dance pop
4159,spotify:track:2yAVzRiEQooPEJ9SYx11L3,eurodance
4160,spotify:track:4rZB2G955dQMcjlb7e3VNB,contemporary r&b
4161,spotify:track:3VEZvzr84WVnoorZ4tlBSw,atl hip hop
4162,spotify:track:0AcLrSfAEBQcUnHOTm5pXg,contemporary r&b
4163,spotify:track:5s4catxeZsaWFnOrvrXZHf,canadian pop
4164,spotify:track:6q4aoWgTQ8td2AvqQXuFqm,alternative metal
4165,spotify:track:50MfV7a1pnOEcf2t9kobxW,pop rock
4166,spotify:track:3BsaRV5QIulYz2lV9WWa8T,boy band
4167,spotify:track:2m1hi0nfMR9vdGC8UcrnwU,alternative metal
4168,spotify:track:6qc34bnVOyqGDPni8H5W0U,contemporary country
4169,spotify:track:3y4LxiYMgDl4RethdzpmNe,contemporary country
4170,spotify:track:1RS3LStQYhju50eBdD9Uul,dance pop
4171,spotify:track:0JJP0IS4w0fJx01EcrfkDe,modern rock
4172,spotify:track:62bOmKYxYg7dhrC6gH9vFn,boy band
4173,spotify:track:70XtWbcVZcpaOddJftMcVi,dance pop
4174,spotify:track:7H6ev70Weq6DdpZyyTmUXk,dance pop
4175,spotify:track:5Mmk2ii6laakqfeCT7OnVD,contemporary r&b
4176,spotify:track:6dJ2mSRaKE9ctYw9qWNGWQ,dance pop
4177,spotify:track:5TAf4lnZCZTLlZHNZMLFLi,neo soul
4178,spotify:track:4Y8q64VnhD0vFYy9g2WFpi,
4179,spotify:track:4cKGldbhGJniI8BrB3K6tb,neo mellow
4180,spotify:track:7f1Dmr246cJ9uQYdbplTbh,contemporary r&b
4181,spotify:track:1m2xMsxbtxv21Brome189p,contemporary r&b
4182,spotify:track:1lZ4j5WBURBwZ0M5TT46wP,dance pop
4183,spotify:track:2dwhMQsFeHr2S787WxqAqW,latin pop
4184,spotify:track:6Wnlq1Pu3I0BajLvxn05Vr,contemporary r&b
4185,spotify:track:3yfqSUWxFvZELEM4PmlwIR,detroit hip hop
4186,spotify:track:6naxalmIoLFWR0siv8dnQQ,dance pop
4187,spotify:track:1ZozJfi8u9cO2Ob8KwiwNT,alternative metal
4188,spotify:track:4Do68W4FWO2hRAJCzG1lus,dance pop
4189,spotify:track:2AW37v0bDyuOzGP3XnmFuA,boy band
4190,spotify:track:6fA7akEuTUL3dW1V0GELaZ,neo mellow
4191,spotify:track:3mNecsYFb6LQg7822DPXCP,pop rock
4192,spotify:track:3w8Mw9GHYepoTWOSdiyosj,contemporary r&b
4193,spotify:track:4pmc2AxSEq6g7hPVlJCPyP,dance pop
4194,spotify:track:7DMigKJJYHSEAQrCfLZdr5,modern ska punk
4195,spotify:track:046MBhhgQJJghnbgZCkaAR,contemporary country
4196,spotify:track:18CODOzJ5DWzWh6kAeKiSC,atl hip hop
4197,spotify:track:2WfhlEjoUII31H6imnQdvF,contemporary r&b
4198,spotify:track:2BcOZ4vOeu2qZowIHrvTYy,dance pop
4199,spotify:track:6ZOBP3NvffbU4SZcrnt1k6,alternative metal
4200,spotify:track:1NNDZc9BHaWe9JqIsPRlNV,boy band
4201,spotify:track:7azC8toDthwJHHuw7m49K4,dance pop
4202,spotify:track:6znv7i4Wif5fLwI6OjKHZ4,boy band
4203,spotify:track:1OvjOVieEsYqGiK1T3mUv9,boy band
4204,spotify:track:7BgUcOjSOlKJXASLgJ6bx1,afrofuturism
4205,spotify:track:0eKyHwckh9vQb8ncZ2DXCs,alternative metal
4206,spotify:track:7A0apkTSTvMbSI7yplcmlh,dance pop
4207,spotify:track:635PqgECfFbL0MNLogX7Yv,dance pop
4208,spotify:track:0WHOPmOuQKuu05k4g3UTvk,alternative metal
4209,spotify:track:1jRzdY7oUBOhrylNtiMtBD,crunk
4210,spotify:track:46n2EGFnPC3tzWCN1Aqe26,boy band
4211,spotify:track:7rESdMWQMkNJffccsUr0Ii,
4212,spotify:track:1rj0XawWJNisX7SGYexowJ,bubblegum dance
4213,spotify:track:1ak0S3NhwWrUgNlQhJ1412,contemporary r&b
4214,spotify:track:6vgN6KGstss0GnBbKlMNK9,contemporary country
4215,spotify:track:35o9a4iAfLl5jRmqMX9c1D,boy band
4216,spotify:track:3WkibOpDF7cQ5xntM1epyf,dance pop
4217,spotify:track:6xUeKifxyG3C9oFYlzPEGs,girl group
4218,spotify:track:0I3q5fE6wg7LIfHGngUTnV,atl hip hop
4219,spotify:track:1C2Q3AymKS17bw7T5gfq6p,
4220,spotify:track:0s46SltT4On0Z6kglK1I5c,east coast hip hop
4221,spotify:track:2f5N826udWfjT9iomeaBJt,neo mellow
4222,spotify:track:2Pxzfzd1jaZT2F2uqLkZUr,boy band
4223,spotify:track:5c1QJAiC3773EwiZLwHf5x,permanent wave
4224,spotify:track:1fgvJXlcZ7uIddMpqsqw0L,dance pop
4225,spotify:track:7gq9Mo03Zr417T2C5sgR03,dutch house
4226,spotify:track:49fsYdg1kdM5FDwyuUAtSx,aesthetic rap
4227,spotify:track:2FWeNvUo79OeiHWoR1bUsO,baton rouge rap
4228,spotify:track:5vZoQQ1hH5L2s4Y8G86ksg,contemporary country
4229,spotify:track:0e42i89bY2NmPuVDtey8pg,crunk
4230,spotify:track:4BggEwLhGfrbrl7JBhC8EC,alternative metal
4231,spotify:track:769geiA8btidGHda4BBDOJ,atl hip hop
4232,spotify:track:1X1KDnhTnb28tpJlgOV3lD,atl hip hop
4233,spotify:track:3PJivN5BZ2ckFa22igIu4a,contemporary r&b
4234,spotify:track:45cVyfWuMAg8RNxmkcpmy9,latin pop
4235,spotify:track:5X8kkUaUlAyAUr9TYqDFTH,dance pop
4236,spotify:track:2Mpj1Ul5OFPyyP4wB62Rvi,dance pop
4237,spotify:track:751gBcu62kORDelX7FV0mM,dance pop
4238,spotify:track:6uhj7EIZZm3OwVr0gWfkQn,album rock
4239,spotify:track:0sr84SDJ9VN4EB7p2mWGur,contemporary country
4240,spotify:track:0wqOReZDnrefefEsrIGeR4,neo mellow
4241,spotify:track:3Gf5nttwcX9aaSQXRWidEZ,dance pop
4242,spotify:track:0CmXXEwul09Kf8X68lPA5l,contemporary r&b
4243,spotify:track:4KoecuyOpZaNFZ0UqVsllc,country
4244,spotify:track:0AUyTvf8WV9fF6wtJ8nYQn,dance pop
4245,spotify:track:08GOEVXupC6ECbulhPGQKm,canadian pop
4246,spotify:track:1tJkic0TURTCXw3rBhYgWu,
4247,spotify:track:1eFwJoCJj6FoeUhx07CDys,
4248,spotify:track:6Ihdn6wW2UBhfTKWbP29KA,k-pop
4249,spotify:track:6zsk6uF3MxfIeHPlubKBvR,dance pop
4250,spotify:track:0s9A4pUBLw68E76vY8LU9K,
4251,spotify:track:2SLZ2rX5773RS16mcqBxG7,atl hip hop
4252,spotify:track:2hKdd3qO7cWr2Jo0Bcs0MA,dance pop
4253,spotify:track:3RmKpob8xzv1pzHEQrMJah,contemporary r&b
4254,spotify:track:1s2khOWzC99udpUaPICLJI,contemporary country
4255,spotify:track:2QsZVnbWVSjKMXK6K3uRBL,atl hip hop
4256,spotify:track:6KCOOKsDFfGEiwWZZlEI6O,contemporary r&b
4257,spotify:track:41nT1Sp6ChR65FbsdLlFHW,dance pop
4258,spotify:track:7nnWIPM5hwE3DaUBkvOIpy,alternative metal
4259,spotify:track:0qXP5fMhxGzxALOkXYUxfP,bedroom pop
4260,spotify:track:4zYTZvtcww7OWKie7fxA9E,hip pop
4261,spotify:track:0WdaRmHBMhUoLPqHLdb9yg,boy band
4262,spotify:track:0KQx6HOpJueiSkztcS0r7D,neo soul
4263,spotify:track:5mNV8Mz59bzyuQ53gTw0c0,atl hip hop
4264,spotify:track:7EHOorGNbnzDGmJDFVOhcJ,baton rouge rap
4265,spotify:track:25CMmGsl22APKhfuj4Tp7j,alternative metal
4266,spotify:track:43zr9kKkeiQrshvYuvNtfM,dance pop
4267,spotify:track:0rRboI6IRuGx56Dq3UdYY4,comedy rap
4268,spotify:track:4h5KBcltGefua73AUPYps7,east coast hip hop
4269,spotify:track:5ZsPy9wHH733NlU6c4v2Hi,alternative metal
4270,spotify:track:3aw9iWUQ3VrPQltgwvN9Xu,dance pop
4271,spotify:track:0Uyh92tLyb9JawG8lmWCzJ,contemporary r&b
4272,spotify:track:1Lhwn4PqeGpM4LTVUowW76,r&b
4273,spotify:track:0jG92AlXau21qgCQRxGLic,dance pop
4274,spotify:track:24Gxm7Eh7tO83E26LG0CsY,dance pop
4275,spotify:track:4gM2BugovNf4bvXdjZODzG,canadian latin
4276,spotify:track:7J41dYQolQJEtj3UmKLu5r,atl hip hop
4277,spotify:track:55nlYc3NZM5vBA4YDY2sBR,atl hip hop
4278,spotify:track:6FLwmdmW77N1Pxb1aWsZmO,celtic
4279,spotify:track:0gmbgwZ8iqyMPmXefof8Yf,alternative metal
4280,spotify:track:1u0l8zWpQeMYStFkc2mLD7,candy pop
4281,spotify:track:01Aj44KIjCrPmZeXq4UOky,dance pop
4282,spotify:track:3NOq1Gpiy4KwDni8NhOmHQ,atl hip hop
4283,spotify:track:02jcEwywffn3Tsb48fXmlW,dance pop
4284,spotify:track:4CCUjYJPbSXLL23BFeBVbI,boy band
4285,spotify:track:2lnzGkdtDj5mtlcOW2yRtG,colombian pop
4286,spotify:track:3TwtrR1yNLY1PMPsrGQpOp,neo mellow
4287,spotify:track:4hrae8atte6cRlSC9a7VCO,dance pop
4288,spotify:track:2VSbEXqs6NbNiZSTcHlIDR,alternative metal
4289,spotify:track:1NRorokmYEtr1koWybvaE4,neo soul
4290,spotify:track:5QpaGzWp0hwB5faV8dkbAz,neo mellow
4291,spotify:track:0qvlhVNm7L5IWabWF5hlEL,contemporary r&b
4292,spotify:track:60a0Rd6pjrkxjPbaKzXjfq,alternative metal
4293,spotify:track:3RKjTYlQrtLXCq5ncswBPp,trap queen
4294,spotify:track:6LUr2QQla9sLekmdfJvDOS,boston hip hop
4295,spotify:track:537F8BYzIMOZBl75qwCXy8,contemporary r&b
4296,spotify:track:0gPQTLaqHDgdupKEok7J2x,british soul
4297,spotify:track:0rT9f5BSZrZ6DvzfBEckG0,r&b
4298,spotify:track:6lSr3iZTC144PKhvbPFzMp,alternative metal
4299,spotify:track:62fXJ0uBHxXumLXSCbFAZ7,
4300,spotify:track:2FVv9vxJT2NOxKWFzZnvDI,electro house
4301,spotify:track:36gOOIQaBwXZVKL5z2vC3Z,hip pop
4302,spotify:track:2mKouqwAIdQnMP43zxR89r,bronx hip hop
4303,spotify:track:6zMUIb4uce1CzpbjR3vMdN,dance pop
4304,spotify:track:2sFEmuVVAa2klHwhFaT0rR,hip hop
4305,spotify:track:5PCJldueshnwqQVjS16543,atl hip hop
4306,spotify:track:5Y0E3dOeynKuLDAXu0t0Bg,contemporary r&b
4307,spotify:track:6gsmFgUiSTuinJlScwFODv,contemporary r&b
4308,spotify:track:2dZRsYQUm4MJ5HlshwNQVu,la indie
4309,spotify:track:7x6dNrtwRBKwJtLsENBhYC,karaoke
4310,spotify:track:4w1lzcaoZ1IC2K5TwjalRP,lilith
4311,spotify:track:0kr6d8wHDQPlzuET33NVn6,candy pop
4312,spotify:track:6KRi6CBUitENJB4HQbSVSD,dance pop
4313,spotify:track:7lQ8MOhq6IN2w8EYcFNSUk,detroit hip hop
4314,spotify:track:04KTF78FFg8sOHC1BADqbY,dance pop
4315,spotify:track:6GG73Jik4jUlQCkKg9JuGO,alternative metal
4316,spotify:track:36jSIOSE72neBbKntCthqw,hip pop
4317,spotify:track:4gdQ8QShlC3toP9Mkc8DwB,battle rap
4318,spotify:track:5dpAN1mjFPL38kh9kWsCiw,alternative metal
4319,spotify:track:6AfLmKXzhEZjwiVPs5jhdV,dance pop
4320,spotify:track:0V3wPSX9ygBnCm8psDIegu,pop
4321,spotify:track:3rSuc59fSODJKWJM5xv9Z3,
4322,spotify:track:5xEM5hIgJ1jjgcEBfpkt2F,canadian pop
4323,spotify:track:563vSy3HB5NHxel1VGQCW6,crunk
4324,spotify:track:6g2kBDfp2jwwkCGpLmoNhm,chopped and screwed
4325,spotify:track:2RLpFEf6d0708O7Bqhjyxg,
4326,spotify:track:0ARK753YaiJbpLUk7z5yIM,dance pop
4327,spotify:track:2cxbxpHrND6i4uvUGVvC9J,dance pop
4328,spotify:track:21iEEekDSvQjVARSQ4dpXY,contemporary r&b
4329,spotify:track:1yHVHoz6Ny29gbbWJYVnFt,pop
4330,spotify:track:5ZKVNTG7yu7gbX4vryqS2X,gangster rap
4331,spotify:track:1BpV8IGf4XsRRJf4Xuui9q,dance pop
4332,spotify:track:0WgLpgUdThEpA5L5K0SKq7,contemporary r&b
4333,spotify:track:7BMO7O7ImjV8HNTH74Tshv,detroit hip hop
4334,spotify:track:6CbcdeTQKj0qTaZTt0xkdk,dance pop
4335,spotify:track:1IqF5PUDUnaykHLs0RWbDO,canadian modern jazz
4336,spotify:track:6Vecwo7AHst9V2CE3kmwr0,neo mellow
4337,spotify:track:42T2QQv3xgBlpQxaSP7lnK,alternative metal
4338,spotify:track:4kvdX9zzsix7jYHsRVkVUH,dance pop
4339,spotify:track:7CfaZQbPvsatNcnSO2I2JU,big room
4340,spotify:track:5FGDtm3MXJe8LikBkOJnOQ,alt z
4341,spotify:track:747tpec1a0Hfqvj2za1pBs,europop
4342,spotify:track:5Z01UMMf7V1o0MzF86s6WJ,detroit hip hop
4343,spotify:track:6fR6Z0Vc1K6yQWNUIKjAIR,dance pop
4344,spotify:track:7cGcyNd7NVvDIwCAQSbJLI,east coast hip hop
4345,spotify:track:7d4fs9K4HhiqHyHvL0M9om,dance pop
4346,spotify:track:41IShViF79gmulEkIHAjcb,blues rock
4347,spotify:track:5WavgurgGX48eZv1q1E3on,dance pop
4348,spotify:track:00Mb3DuaIH1kjrwOku9CGU,canadian pop
4349,spotify:track:0jiBVBJkLrlGLgrIVmd3VK,dance pop
4350,spotify:track:5ljCWsDlSyJ41kwqym2ORw,east coast hip hop
4351,spotify:track:7kAFSrTIOiVZ0gnHBuAH3l,dance pop
4352,spotify:track:0n0MDbU8VrvGLof11GmOSx,
4353,spotify:track:0ieS2bue78yadTdPiyzsaO,afrofuturism
4354,spotify:track:38wTBBl2xMxaSP67S5cin3,
4355,spotify:track:3TCauNPqFiniaYHBvEVoHG,dance pop
4356,spotify:track:6FTJuZtQZvmPPRFmrcno9J,boy band
4357,spotify:track:0tr492xughUjNeqSDDD5nK,contemporary r&b
4358,spotify:track:1yvArCvZLTHiawRdWKSAWj,canadian pop
4359,spotify:track:16DhvbuyvJob4Q9GHNYu2n,alternative metal
4360,spotify:track:2641xdGDHxQnEkx8pIibqE,canadian pop
4361,spotify:track:2iclfHORMqpR3TxuhwVRhD,dance pop
4362,spotify:track:7Lf7oSEVdzZqTA0kEDSlS5,dance pop
4363,spotify:track:4RY96Asd9IefaL3X4LOLZ8,east coast hip hop
4364,spotify:track:5dNfHmqgr128gMY2tc5CeJ,
4365,spotify:track:75DjPjiIp2fvJDjtt41Jfs,dance pop
4366,spotify:track:7oLKoGzQVwjZ91AzCn560T,
4367,spotify:track:3OUApyz3jDB3syGUNGqB1d,contemporary r&b
4368,spotify:track:6rpNe6gSkmiYW6BfSFATi5,east coast hip hop
4369,spotify:track:3WbphvawbMZ8FyqDxYGdSQ,alternative metal
4370,spotify:track:6bK9BH9Ts8Gj5JFvnQkzak,dance pop
4371,spotify:track:0ZHu7jkSSrT0eK4OxuG4O5,east coast hip hop
4372,spotify:track:2rxQMGVafnNaRaXlRMWPde,contemporary country
4373,spotify:track:0YImOCkIJ2PWhCXaURCZnY,east coast hip hop
4374,spotify:track:41bIQPBE1lFN0mmw6Lmssz,east coast hip hop
4375,spotify:track:1AWQoqb9bSvzTjaLralEkT,dance pop
4376,spotify:track:0COqiPhxzoWICwFCS4eZcp,alternative metal
4377,spotify:track:3CpoeW0cZSDzIRv5z34F87,detroit hip hop
4378,spotify:track:0aULRU35N9kTj6O1xMULRR,dance pop
4379,spotify:track:5dWfl2PBpKHpBVdz95wxK1,dancehall
4380,spotify:track:6Bm6qUCSatPAqkQllFL7oA,neo mellow
4381,spotify:track:19lLzX7vt4BhrSOaHeRyn7,pop
4382,spotify:track:6BIcjFZIVDZxNAcofRFPx4,contemporary r&b
4383,spotify:track:2xnVdRMaQBkRfZyefKC2ec,idol
4384,spotify:track:4vzYcDxBXAUPYDUna4BVeE,contemporary r&b
4385,spotify:track:6pWzCKTrKrwbUPzY8RLCoP,dance pop
4386,spotify:track:2CZi8d774dBB0wiuWMIpr8,dance pop
4387,spotify:track:0RFgvrhkf9FiDRLA0BhzpZ,country
4388,spotify:track:0l3GEbH3CviUytD6iX4wzg,crunk
4389,spotify:track:3YE1DVMf46E45C3W9ybeWf,hip pop
4390,spotify:track:2D1hlMwWWXpkc3CZJ5U351,east coast hip hop
4391,spotify:track:7iInDTMvYQrZnELy6nJ15s,
4392,spotify:track:5ojJNnX5ND2gMGojPd3NiO,contemporary r&b
4393,spotify:track:2ajUxpHW8NJWV6LnbhaZTI,atl hip hop
4394,spotify:track:1LzNfuep1bnAUR9skqdHCK,dream pop
4395,spotify:track:1lKS7SZQ7r5vOChLwJurmm,dance pop
4396,spotify:track:0iFOG4Ki9aDmJUYUFHQlPG,dance pop
4397,spotify:track:31yydnZnSeCwkRPY7tlgQJ,florida drill
4398,spotify:track:3Gamc2D6VSlXpUcmhPUFYt,contemporary r&b
4399,spotify:track:56m8Wv3qRBfwLuO08GtfHs,dance pop
4400,spotify:track:1PckUlxKqWQs3RlWXVBLw3,escape room
4401,spotify:track:43LdgobPlcCc5g9Kmactvy,blues rock
4402,spotify:track:5uj2AfrbHQREGXVxhqhvyU,
4403,spotify:track:3cnBm1eo1j8imrSZQ3HXdj,classic hardstyle
4404,spotify:track:2CtCwQhY0ZLvr8L2l8Bo6e,atl hip hop
4405,spotify:track:0FmCLEHfINGqwlyzvklNqy,crunk
4406,spotify:track:3NLrRZoMF0Lx6zTlYqeIo4,alternative metal
4407,spotify:track:1YZBMqN8kHaaRPXpQTC3kb,dance pop
4408,spotify:track:5z7mYFfhw6N6f23VwrokJD,atl hip hop
4409,spotify:track:6UelLqGlWMcVH1E5c4H7lY,pop
4410,spotify:track:7lrAsaTw9CTh5uSr0fvHOd,
4411,spotify:track:06ZDLodo1UDVavc3MXREZ3,atl hip hop
4412,spotify:track:2PpruBYCo4H7WOBJ7Q2EwM,atl hip hop
4413,spotify:track:2s0ouHqJebHfiQ6C1GUFJd,dance pop
4414,spotify:track:6QdVBqkKNUqCqercvUHMkP,gangster rap
4415,spotify:track:1xE7osYAtzz1PvLoVdOp5E,east coast hip hop
4416,spotify:track:6LGwYMXXgURfaequXipzHx,neo soul
4417,spotify:track:3A4cpTBPaIQdtPFb5JxtaX,chicago rap
4418,spotify:track:6XsT5UGfpaFeHQf5LRIy4W,pop
4419,spotify:track:2fOxxLz9JVe53itq6pfBak,dance pop
4420,spotify:track:4PkJ7c9y1CwpuVOiJODnCZ,alternative metal
4421,spotify:track:5rb9QrpfcKFHM1EUbSIurX,atl hip hop
4422,spotify:track:2nLtzopw4rPReszdYBJU6h,alternative metal
4423,spotify:track:4Kd0FzFpOgIGxlBl4HXuFn,atl hip hop
4424,spotify:track:7soJgKhQTO8hLP2JPRkL5O,pop
4425,spotify:track:2do7t1NMxLTgblFuCvn7H7,battle rap
4426,spotify:track:0jSMveIWvnhDIvzqN74Uc7,dirty south rap
4427,spotify:track:2T8hXV9LUZMDBKR5RALGEa,atl hip hop
4428,spotify:track:2u34ZVPVlr7hfN7vDr1512,contemporary r&b
4429,spotify:track:6I9VzXrHxO9rA9A5euc8Ak,dance pop
4430,spotify:track:4mmkhcEm1Ljy1U9nwtsxUo,chicago rap
4431,spotify:track:2yr2HnFYl7XvqJk4fXoQBt,
4432,spotify:track:3IrkbGQCoEPAkzJ0Tkv8nm,east coast hip hop
4433,spotify:track:6ECp64rv50XVz93WvxXMGF,pop
4434,spotify:track:4UzVcXufOhGUwF56HT7b8M,alternative metal
4435,spotify:track:7z3N2W7Xz1t2G2sAO8wFVH,atl hip hop
4436,spotify:track:3XVBdLihbNbxUwZosxcGuJ,neo soul
4437,spotify:track:1dHJETCn2X1R1YwVlMvSza,gangster rap
4438,spotify:track:0YGQ3hZcRLC5YX7o0hdmHg,pop
4439,spotify:track:4XHQyvbrBsQaaBUW1VvmsL,detroit hip hop
4440,spotify:track:2tOZtdbkAMQASWokLvSlzj,chicago rap
4441,spotify:track:5SkRLpaGtvYPhw02vZhQQ9,chicago rap
4442,spotify:track:4MeDnO5yA2Zi6IMlVApRci,crunk
4443,spotify:track:77loZpT5Y5PRP1S451P9Yz,alternative metal
4444,spotify:track:79lmvU7Qmc8QpXilbSk37z,crunk
4445,spotify:track:7wBThXx7BGZHJJ3aN3OPvv,atl hip hop
4446,spotify:track:6bUNEbXT7HovLW6BgPCBsb,atl hip hop
4447,spotify:track:2zZJnAlhgvW6DERn1tu3fb,contemporary r&b
4448,spotify:track:4NYwy0R3NdvORX2B6OZXBT,dance pop
4449,spotify:track:2ndnVdR8si7CW9T8vJRHyW,hip pop
4450,spotify:track:0B2ZuTLZnWQ6gz8RlNwBu1,gangster rap
4451,spotify:track:0dRhSF9LV0HR8Jwd3MMMKJ,dance pop
4452,spotify:track:2Ozc0me9PV5vlt8cokwdvI,bronx hip hop
4453,spotify:track:7ztVkUdD1ZZoP7yZiAzNL4,big room
4454,spotify:track:4L55p6txv9vuCWhpNnY6eY,dance pop
4455,spotify:track:1k1Bqnv2R0uJXQN4u6LKYt,classic soul
4456,spotify:track:5g1vtHqi9uV7xtYeCcFOBx,chicago rap
4457,spotify:track:3DOxMCaNBNvnjSzpHUSjE3,dance pop
4458,spotify:track:0KKkJNfGyhkQ5aFogxQAPU,dance pop
4459,spotify:track:3dFwpxh2yH7C7p9BGEKLVB,dance pop
4460,spotify:track:33iv3wnGMrrDugd7GBso1z,alternative metal
4461,spotify:track:7yXibbAYi4to5oQTeO738f,dance pop
4462,spotify:track:0faXHILILebCGnJBPU6KJJ,alternative metal
4463,spotify:track:4llK75pXNWZz6KAho2Gp16,pop
4464,spotify:track:6pcywuOeGGWeOQzdUyti6k,atl hip hop
4465,spotify:track:4dvQg9sD8k9y4qiEURuj8v,dance pop
4466,spotify:track:48EQasc6XD0pOQtkIOWqOC,dance pop
4467,spotify:track:6sqNctd7MlJoKDOxPVCAvU,canadian pop
4468,spotify:track:2NBQmPrOEEjA8VbeWOQGxO,g funk
4469,spotify:track:1YLJVmuzeM2YSUkCCaTNUB,baroque pop
4470,spotify:track:0qcjuYtMWhBjXg0Xwt5SzS,detroit hip hop
4471,spotify:track:61Qhe2mHSLhUE04QeK4lkD,dance pop
4472,spotify:track:3J6vrRMz6EfwH2sgYiyNhc,gangster rap
4473,spotify:track:3ibKnFDaa3GhpPGlOUj7ff,dance pop
4474,spotify:track:29U7stRjqHU6rMiS8BfaI9,adult standards
4475,spotify:track:7uKcScNXuO3MWw6LowBjW1,dance pop
4476,spotify:track:7fuoqve1SOEBmhc2PoQTF0,gangster rap
4477,spotify:track:0FEZedp3QtZK11jcphYQ4y,hip hop
4478,spotify:track:41PWz0hAiU9FqsmjR9Wh62,atl hip hop
4479,spotify:track:3xtiXNDbSKxy20I7D6vFUg,folk-pop
4480,spotify:track:69bHJ9qs5FrUJbKP8xU8uZ,east coast hip hop
4481,spotify:track:4vl2zwXsTmAxgu9iY0g6UK,neo mellow
4482,spotify:track:4dvObSfgu2fiKIxcZxTaPs,karaoke
4483,spotify:track:3njpLvANriMsdv3dgADEad,atl hip hop
4484,spotify:track:3sckKKIx96cjPXtiqPHCTB,dance pop
4485,spotify:track:5GorCbAP4aL0EJ16frG2hd,modern rock
4486,spotify:track:3CcvahnsiArpTHYQEWV2Au,atl hip hop
4487,spotify:track:5zdUc1JRCImBYcDWgvFNpE,atl hip hop
4488,spotify:track:5D2mYZuzcgjpchVY1pmTPh,east coast hip hop
4489,spotify:track:3xrn9i8zhNZsTtcoWgQEAd,dance pop
4490,spotify:track:3XHIM5q3od4IwA7iFYKnAq,
4491,spotify:track:2wGSgTmgSF3xjRrHkTc25R,gangster rap
4492,spotify:track:6ls5ulRydoPE7oWGPGBqFA,dance pop
4493,spotify:track:48JAAdtKgOQ4u4QRER6bJX,
4494,spotify:track:14sDzq0rM97u4wcWsD9ox7,
4495,spotify:track:0LzrhCZFXW94Y8nwtTuRlw,dance pop
4496,spotify:track:2eAZfqOm4EnOF9VvN50Tyc,melodic rap
4497,spotify:track:4faFAhOflLzhfJECveRwva,neo mellow
4498,spotify:track:7clUVcSOtkNWa58Gw5RfD4,permanent wave
4499,spotify:track:1mnqraQ8oV8MX92rdOFLWW,contemporary r&b
4500,spotify:track:3LmvfNUQtglbTrydsdIqFU,dance pop
4501,spotify:track:003vvx7Niy0yvhvHt4a68B,alternative rock
4502,spotify:track:4nva9EpKntUTs6CRSGBCn9,east coast hip hop
4503,spotify:track:7pZdvlIJ3COmTEoO45kNMB,dutch idol pop
4504,spotify:track:0AKAxdNkwq9ZxRdW1DN9zW,dance pop
4505,spotify:track:2bmxx16hNi3W5FGzfFO9xX,hip hop
4506,spotify:track:4Ilen0VxPEsVRLpnePji8P,contemporary r&b
4507,spotify:track:0CnD7Hiw6pae6rLsZw5q5W,boy band
4508,spotify:track:0nNVR2iDM3eVzEgMi78vQm,alternative metal
4509,spotify:track:6SZBK8Z2Tdv7vgO3ZJnHTN,idol
4510,spotify:track:3w8xlZi49MQuQkyyB5bi5e,classic oklahoma country
4511,spotify:track:5dZOOJp3zMsQhttURXnaLe,pop
4512,spotify:track:3B7i9OKRRmIsSBHEbJz58Y,dirty south rap
4513,spotify:track:04FXF9tLQvYzc9ZWnTpaA3,bronx hip hop
4514,spotify:track:4TsmezEQVSZNNPv5RJ65Ov,barbadian pop
4515,spotify:track:7CHi4DtfK4heMlQaudCuHK,pop dance
4516,spotify:track:66k75vZNgRnOuJosuAFNeY,japanese chillhop
4517,spotify:track:6VixoRqnikN4QqegoKUSbH,atl hip hop
4518,spotify:track:0815caqt2Lytro5EIzMufT,neo mellow
4519,spotify:track:1UREw2MCfU0xwBzCAjxlUD,alternative metal
4520,spotify:track:4VKnkoNNM6yTb4cXXX3wqD,dance pop
4521,spotify:track:0aoOyPtOvWQs6BnGnbFUlj,dance pop
4522,spotify:track:1JURww012QnWAw0zZXi6Aa,boy band
4523,spotify:track:2TfSHkHiFO4gRztVIkggkE,emo
4524,spotify:track:1yKu2MhpwzDXXH2tzG6xoa,alternative rock
4525,spotify:track:6sfda4n7moZQvRtUHG3LwN,
4526,spotify:track:3ZffCQKLFLUvYM59XKLbVm,modern rock
4527,spotify:track:1PS1QMdUqOal0ai3Gt7sDQ,chicago rap
4528,spotify:track:3hb2ScEVkGchcAQqrPLP0R,alternative metal
4529,spotify:track:0T6lVd2JSk7R803PfCXFJS,
4530,spotify:track:5CWyE2OcZI1HVnHBh4RrKF,conscious hip hop
4531,spotify:track:7BKi4ZcyMBXeAvJ1OPxhdV,east coast hip hop
4532,spotify:track:7xYnUQigPoIDAMPVK79NEq,r&b
4533,spotify:track:0Ss50OU9tCozI7JIywkv14,atl hip hop
4534,spotify:track:3f3omU8n47Mqyab5nCaGyT,dance pop
4535,spotify:track:4kOTDj4SiZPkW1p96WMDNv,dance pop
4536,spotify:track:5y4TDQdYzlT4eoQIPOgNDz,dirty south rap
4537,spotify:track:7mEaVKlxsk8NPiLX4Jsw3p,
4538,spotify:track:2ajhenDRiiAnCHHjsIOHhJ,atl hip hop
4539,spotify:track:3850dYVgOFIXJh5U4BFEWH,dance pop
4540,spotify:track:4NjR63Up0uMkQBlKvlZd1l,dance pop
4541,spotify:track:50UkypyQJbSQLaXHke5Yep,gangster rap
4542,spotify:track:5MYFw4T2gy52pOGBN4EYHS,crunk
4543,spotify:track:5a4AQWs84xeEyYUd1iC2Pn,atl hip hop
4544,spotify:track:0l7DPAKQVayEz9FXC9di2e,dance pop
4545,spotify:track:2RWxrpsFshOBFwRBRstUlQ,pop
4546,spotify:track:6Y3WvyUG9iE5bQYg38SPtQ,dance pop
4547,spotify:track:2TFsx3B0hLSSTambrudXs3,pop rap
4548,spotify:track:0a7BloCiNzLDD9qSQHh5m7,emo
4549,spotify:track:6URztwactGeJLJMd4iP6x4,neo mellow
4550,spotify:track:5lDriBxJd22IhOH9zTcFrV,alternative metal
4551,spotify:track:6brl7bwOHmGFkNw3MBqssT,dance pop
4552,spotify:track:3U5JVgI2x4rDyHGObzJfNf,dance pop
4553,spotify:track:0k2GOhqsrxDTAbFFSdNJjT,dance pop
4554,spotify:track:7DFnq8FYhHMCylykf6ZCxA,r&b
4555,spotify:track:0fGh0trRN1xz3s41r7V5ce,detroit hip hop
4556,spotify:track:7cVmKBwzPsh4Fmb6SplfEm,atl hip hop
4557,spotify:track:3UNrtRxBBlWE70SjxnOo02,contemporary r&b
4558,spotify:track:1Ab6RxeKl3e07zP7Get7CX,dance pop
4559,spotify:track:0mUyMawtxj1CJ76kn9gIZK,canadian pop
4560,spotify:track:0k6HUzaRHpQ3eEWr1C7Esh,atl hip hop
4561,spotify:track:5YJtMNWKe55yr49cyJgxva,eurodance
4562,spotify:track:4o8EPKaCQ9BvdoEGyQ0lsF,karaoke
4563,spotify:track:25sA1vM4BFkTb5cJGWftFo,dance pop
4564,spotify:track:0CAJdthKDdRjB2h8YOguN6,atl hip hop
4565,spotify:track:6BaxqcoEM9r3LXisTyJjST,dance pop
4566,spotify:track:5ucEsyhKMWIscF6pkQJwZ7,cali rap
4567,spotify:track:10Nmj3JCNoMeBQ87uw5j8k,alternative rock
4568,spotify:track:5n3HwrDGRlUT7SrJCWM4yf,
4569,spotify:track:4bVuIlGQBMWS7vIhcx8Ae4,contemporary country
4570,spotify:track:2l57cfmCnOkwNX1tky02n1,alternative metal
4571,spotify:track:2gam98EZKrF9XuOkU13ApN,canadian latin
4572,spotify:track:3weyzlMo0VkS3z8aRVuvSn,
4573,spotify:track:30cSNer6TV8x2utjULVeQ5,barbadian pop
4574,spotify:track:7k6IzwMGpxnRghE7YosnXT,dance pop
4575,spotify:track:6o3s08kk2fQI37vxGZDrJ1,atl hip hop
4576,spotify:track:3ZFTkvIE7kyPt6Nu3PEa7V,colombian pop
4577,spotify:track:1N62wozuHCvczCkY4QidpP,neo mellow
4578,spotify:track:13xxBnXOuiBxVxJI458B0i,barbadian pop
4579,spotify:track:0JiY190vktuhSGN6aqJdrt,dance pop
4580,spotify:track:3lxFENvLW8nxXAbNfkZ7IJ,idol
4581,spotify:track:05Sgj1Hx03ZXc57gsV1kfX,atl hip hop
4582,spotify:track:2N5zMZX7YeL1tico8oQxa9,atl hip hop
4583,spotify:track:69uFUN6lJEbfESHfPKIwN2,
4584,spotify:track:2Fs18NaCDuluPG1DHGw1XG,contemporary country
4585,spotify:track:2ICylmg7jCYdOWUFNa8VW7,dance pop
4586,spotify:track:4bPQs0PHn4xbipzdPfn6du,pop
4587,spotify:track:5gAwpwuchaCGnJLlBMGBzp,memphis hip hop
4588,spotify:track:2OqYarizUUGzSSNHPrDEii,atl hip hop
4589,spotify:track:0O45fw2L5vsWpdsOdXwNAR,dance pop
4590,spotify:track:7jRoWfRlLnGYEIEn4t4kbq,dance pop
4591,spotify:track:6k8uthjEbttfWXcGaNTQGD,dance pop
4592,spotify:track:5FRIqUXfTazrtRmYEGO4G0,dance pop
4593,spotify:track:10aWGOqSDBqvNzJ9NeKDbK,dance pop
4594,spotify:track:663Karu2rvKLdnY0eo1n3M,alternative metal
4595,spotify:track:0ADZ5dmXhlfzjMw6lefoPl,alternative metal
4596,spotify:track:6DdPacpAdYkxV8MCzsjaXu,contemporary country
4597,spotify:track:7g7M96UGiA7OR79H86gV4m,cali rap
4598,spotify:track:2JpUkUR0OsOlUUfm6iS8ic,atl hip hop
4599,spotify:track:5fVZC9GiM4e8vu99W0Xf6J,neo mellow
4600,spotify:track:40LQiUUUKXVGyNs09lHVjW,alternative metal
4601,spotify:track:5hnyJvgoWiQUYZttV4wXy6,irish rock
4602,spotify:track:4T4NLIMypdmyUwK54jECk4,dance pop
4603,spotify:track:0tYPj0NYa7vjlJaqlRSnJb,dirty south rap
4604,spotify:track:5hF2LnbkpnXCkksMSeWcxZ,crunk
4605,spotify:track:5BkHkyO9PFXs1m7vSMnXp4,pop
4606,spotify:track:2kQuhkFX7uSVepCD3h29g5,dance pop
4607,spotify:track:1ayCFYrMOvbZ78AE0QZjtI,canadian contemporary r&b
4608,spotify:track:2Grb4G6t9VIqo6moKUloom,hip hop
4609,spotify:track:5F7IJrXD6Fa3EmqoYE0gU4,r&b
4610,spotify:track:60R2v9lheAu3lwZwAFxMZK,comedy rock
4611,spotify:track:0CXVjQI9wsqaGeIARkkpYc,dance pop
4612,spotify:track:6RX5iL93VZ5fKmyvNXvF1r,pop
4613,spotify:track:1GeECVH4Msg1zLm8DExkbH,dance pop
4614,spotify:track:1D066zixBwqFYqBhKgdPzp,dance pop
4615,spotify:track:6oUGAx0vkBcnGzYkvw0ZsA,dance pop
4616,spotify:track:3RGyFugqjQjlL8XX0NW8dZ,gangster rap
4617,spotify:track:1SlPhbS52PbNqqVCqGU12I,east coast hip hop
4618,spotify:track:1FMHNVeJ9s1x1l1WlaRs2I,alternative metal
4619,spotify:track:2aI21FnmY7TJVKeMaoQZ0t,canadian latin
4620,spotify:track:6PBAPjshd2JfEiWpdf3C2a,atl hip hop
4621,spotify:track:1pLdjo3lOBbMaoR4ZpybFH,dance pop
4622,spotify:track:1oagRT7LfpVlNJN6FSZDGp,emo
4623,spotify:track:234RqTZmnDTnxWlVciXHLD,alternative metal
4624,spotify:track:66ZcOcouenzZEnzTJvoFmH,dance pop
4625,spotify:track:3QnEp4rluCxUwgpXT43jmC,atl hip hop
4626,spotify:track:3pD0f7hSJg2XdQ6udw5Tey,dance pop
4627,spotify:track:3cBsEDNhFI9E82vPj3kvi3,contemporary country
4628,spotify:track:1zyqZONW985Cs4osz9wlsu,dirty south rap
4629,spotify:track:4JPCdSaqs9dJd7RatFSHww,bronx hip hop
4630,spotify:track:0AA6zq5ArZ1sSH7VIMi4NK,pop rap
4631,spotify:track:6G8kHiVZ1jW7vHMPVRNZU0,canadian hip hop
4632,spotify:track:2Lhdl74nwwVGOE2Gv35QuK,dance pop
4633,spotify:track:78ul3D77noQsYjSwvwiPU1,
4634,spotify:track:5qhlC4Rzals34zxovrPzKp,dance pop
4635,spotify:track:4KTtYhxFtFL7mBwnjkKfLm,dance pop
4636,spotify:track:2HWWNoWEEEECwZhAiLg7ib,pop
4637,spotify:track:45hOioMDJktr86iKDHC8gr,canadian pop
4638,spotify:track:6SmPPtaMnfxgz5duA6t9Cu,alabama rap
4639,spotify:track:61u8YHgwacXM9Sm5JOblkp,
4640,spotify:track:4V2F0DZrAXOWq9hkwMMG3x,dance pop
4641,spotify:track:0wbDgMuAoy7O7pL3a69uZx,dance pop
4642,spotify:track:1tkMs9wDPknQ3ZHcKDw1ES,dance pop
4643,spotify:track:2elA6JLRaQ6iB7hxiuTKN4,gangster rap
4644,spotify:track:1iOJQhxKSJ7dg3Dk03yPnl,dance pop
4645,spotify:track:0ZUo4YjG4saFnEJhdWp9Bt,classic oklahoma country
4646,spotify:track:44W4jAqptJbzAyq0g3ZQYE,
4647,spotify:track:6DbqCKweKwVkHgRv1CI53D,dirty south rap
4648,spotify:track:2yPoXCs7BSIUrucMdK5PzV,barbadian pop
4649,spotify:track:1IYaMVfidzSfvCUZYXhsU1,atl hip hop
4650,spotify:track:1lHXlGlve5Zx8tXLhyjDwM,pop
4651,spotify:track:2mobr1UlKjhxDTOVqng3jw,alternative metal
4652,spotify:track:1MBM7CyZbwJpVbbZJnHHRg,dance pop
4653,spotify:track:4AniPkv5vgdE1n6VKreiyI,dance pop
4654,spotify:track:24y3tSyLdRbpVsKhQrR2oj,dance pop
4655,spotify:track:6P5mjh3dfcYJ6JoDd4tdWI,dance pop
4656,spotify:track:4RCWB3V8V0dignt99LZ8vH,modern rock
4657,spotify:track:3N4DI1vuTSX1tz7fa2NQZw,british soul
4658,spotify:track:0YkJU6TjjwzsVXUPRIO0DB,gangster rap
4659,spotify:track:3Zwu2K0Qa5sT6teCCHPShP,emo
4660,spotify:track:1RGIjMFMgJxkZHMDXVYzOJ,dance pop
4661,spotify:track:1Y4ZdPOOgCUhBcKZOrUFiS,hip pop
4662,spotify:track:2NkDQv8y2DkoYQURdiZCOk,dance pop
4663,spotify:track:0WEH5Ca7GXdabT4W0M7Pw8,post-teen pop
4664,spotify:track:61BqwgSRTyWH9M4uPjsC3B,dance pop
4665,spotify:track:2oWbOh3tLluqTdYL5OEDvs,dirty south rap
4666,spotify:track:0eMdAjfAfGS1AoeXgiyGXP,atl hip hop
4667,spotify:track:4Tn2llBm1g0UlWctmgPL8Z,barbadian pop
4668,spotify:track:66TRwr5uJwPt15mfFkzhbi,atl hip hop
4669,spotify:track:0j2T0R9dR9qdJYsB7ciXhf,chicago rap
4670,spotify:track:1hGy2eLcmC8eKx7qr1tOqx,dance pop
4671,spotify:track:6n9yCXvLhnYMgJIiIcMu7D,alternative metal
4672,spotify:track:0qcr5FMsEO85NAQjrlDRKo,broadway
4673,spotify:track:0U969xYNlAyfzi8P1TaO7u,idol
4674,spotify:track:6TlRNJaezOdzdECnQeRuMM,bassline
4675,spotify:track:36Hwcla06Q5BCr59CL0sBp,east coast hip hop
4676,spotify:track:2hns6Dv29Yrg68AVTJiAyA,dance pop
4677,spotify:track:0rFOs9paloAvEtzwDX1Kmc,dance pop
4678,spotify:track:0gbLfFlEyVHiKzlZIb0gce,neo mellow
4679,spotify:track:4ZPdLEztrlZqbJkgHNw54L,chicago rap
4680,spotify:track:3DarAbFujv6eYNliUTyqtz,dance pop
4681,spotify:track:1NrJYpdAi7uosDRPmSYrsG,piano rock
4682,spotify:track:6IwKcFdiRQZOWeYNhUiWIv,neo soul
4683,spotify:track:0x1LCpY9Rgeq97VPajm81B,chicano rap
4684,spotify:track:669Zz4glMcFwFl1BRltkXP,barbadian pop
4685,spotify:track:2GAhgAjOhEmItWLfgisyOn,pop
4686,spotify:track:50xeLNGKmskmYUSINhqvfa,dance pop
4687,spotify:track:28IEbk5a7twNTbUEvWslUb,alternative metal
4688,spotify:track:3Ui2jdyxbZQrZohfM0NOgG,dance pop
4689,spotify:track:4E6cwWJWZw2zWf7VFbH7wf,acoustic pop
4690,spotify:track:4liGjmhCupa7RP9JaQELYx,rap kreyol
4691,spotify:track:6AdLyvisRKHLAwARaZMGr6,dance pop
4692,spotify:track:5Lgcn7u07bHuqbOtXkN62u,r&b
4693,spotify:track:0XciWa1ROVDCYcDpFBRYUh,
4694,spotify:track:1wva1IlWLDNLgwipUWcmjy,g funk
4695,spotify:track:2PWTZV5znjLtZC5T1EVJvL,modern indie pop
4696,spotify:track:3JHDtmFdX9kdx9wz0md98U,neo soul
4697,spotify:track:7zMcNqs55Mxer82bvZFkpg,pop
4698,spotify:track:34ceTg8ChN5HjrqiIYCn9Q,dance pop
4699,spotify:track:0EbnUc05YEKhZRKgbrZWpq,alternative metal
4700,spotify:track:3AjyOYxBv8bByfBtG5o9dP,pop
4701,spotify:track:5tmambyCorzpRg7ViOO3SN,dance pop
4702,spotify:track:0OYcEfskah1egYHjYRvbg1,alternative metal
4703,spotify:track:7wZUrN8oemZfsEd1CGkbXE,british soul
4704,spotify:track:5j0McHPthKpOXRr3fBq8M0,atl hip hop
4705,spotify:track:1q51MejmtLKEv8mABG8XRE,pop rap
4706,spotify:track:4P7VFiaZb3xrXoqGwZXC3J,hip hop
4707,spotify:track:1Kef862HDQdZQaXpxNtHuv,hip pop
4708,spotify:track:48s0QHJgmiNsth3WEO6U4M,piano rock
4709,spotify:track:2aEuXA1KswHlCGPOuPmCOW,dance pop
4710,spotify:track:1oHClQEgDmmbcEx12Kc5nZ,dance pop
4711,spotify:track:3NZJlJemX3mzjf56MqC5ML,r&b
4712,spotify:track:0HLWvLKQWpFdPhgk6ym58n,neo mellow
4713,spotify:track:20ORwCJusz4KS2PbTPVNKo,dance pop
4714,spotify:track:4yHFxB8kzzeuNvoouR8N0N,dance pop
4715,spotify:track:6avyV3xlz2UFeiAUZ0SqyT,idol
4716,spotify:track:3goSVuTt3fDYDP6kRnFwuL,barbadian pop
4717,spotify:track:1uigwk5hNV84zRd5YQQRTk,dance pop
4718,spotify:track:1mea3bSkSGXuIRvnydlB5b,permanent wave
4719,spotify:track:4o2O6WSkkJfcKxlED7WTQY,
4720,spotify:track:46bzMOnJ1anlTrDCGWH30H,latin soundtrack
4721,spotify:track:005lwxGU1tms6HGELIcUv9,pop
4722,spotify:track:21pySLskKIKrhDziCX5ojQ,dance pop
4723,spotify:track:5ecZWU5uQOiCVSnPxBZNmT,pop
4724,spotify:track:7kt9e9LFSpN1zQtYEl19o1,pop
4725,spotify:track:5619Ojc6t9evEEs3B7Drhe,electropowerpop
4726,spotify:track:2VOomzT6VavJOGBeySqaMc,barbadian pop
4727,spotify:track:6ScJMrlpiLfZUGtWp4QIVt,hip hop
4728,spotify:track:5wujBwqG7INdStqGd4tRMX,chicago rap
4729,spotify:track:2VEsmoek0sol9MnJFyoG9e,boy band
4730,spotify:track:2XbfY2O2v3xwedUJ0J2kkr,dance pop
4731,spotify:track:1IAzD1muglOxOcPbUHs70R,atl hip hop
4732,spotify:track:1ixbwbeBi5ufN4noUKmW5a,escape room
4733,spotify:track:2nGFzvICaeEWjIrBrL2RAx,british soul
4734,spotify:track:4wCD0qOFNRu1Q6O3N6ycm4,idol
4735,spotify:track:1kxeWHF9PrCVZHvVskv8lg,chicago rap
4736,spotify:track:1eQpzJW0swYMnET7UYnWA6,pop
4737,spotify:track:5MM6iTvhrHg3OwaFkpXwVs,cali rap
4738,spotify:track:1y4eb6hmAvsqlDOl3fx9kk,pop
4739,spotify:track:6etwirSInfuJrSOlogS6Sh,neo soul
4740,spotify:track:6YYd5MLpu45J0uLrMdivF7,east coast hip hop
4741,spotify:track:5smPViFYtztTo7ww9gJXpD,acoustic pop
4742,spotify:track:3jlbL2OTD5YmIunYzgQTAN,atl hip hop
4743,spotify:track:26NX1wPt1TRCH536yocd6i,pop
4744,spotify:track:4fixebDZAVToLbUCuEloa2,dance pop
4745,spotify:track:6TrNRd98WksT9Kkmx9uj6R,pop rap
4746,spotify:track:2iXBZ32Fz5VDCLeE0JIdX5,british soul
4747,spotify:track:1ARJhjuI6TNYZCxYygFQ4F,dance pop
4748,spotify:track:2ZBNclC5wm4GtiWaeh0DMx,pop
4749,spotify:track:2x7MyWybabEz6Y6wvHuwGE,art pop
4750,spotify:track:4EWCNWgDS8707fNSZ1oaA5,chicago rap
4751,spotify:track:7jk7gqyEonmVVYahZN5zhW,dance pop
4752,spotify:track:4Dm32oO01YpIubCHaAtKkN,dance pop
4753,spotify:track:6ihL9TjfRjadfEePzXXyVF,alternative metal
4754,spotify:track:4IoYz8XqqdowINzfRrFnhi,neo mellow
4755,spotify:track:3tSuRiNgJmMqmYR23dCqnR,dance pop
4756,spotify:track:7IhsLJMqdxoo7YAZjaSMru,atl hip hop
4757,spotify:track:3GpbwCm3YxiWDvy29Uo3vP,dance pop
4758,spotify:track:0ltIb83VBPvnGDKg7axXej,detroit hip hop
4759,spotify:track:5R8dQOPq8haW94K7mgERlO,art pop
4760,spotify:track:2q4rjDy9WhaN3o9MvDbO21,atl hip hop
4761,spotify:track:6xjeGpyq1b9cb9po7dvzIV,baton rouge rap
4762,spotify:track:733ncRLzZQT5UtSPg1QmPc,dance pop
4763,spotify:track:2Kbw7W6OhWYOI1NfRYH5XQ,big room
4764,spotify:track:6xxXrNJnnsQNLdgNk8S4y8,alternative rock
4765,spotify:track:0V8FYVlBFuXXTIvRnMbZyS,pop
4766,spotify:track:1akgiRM3mN2nxu2AX6ACCW,indie pop rap
4767,spotify:track:02Df1JGm5Sjh2GmRAl5ClR,classic oklahoma country
4768,spotify:track:5SAxxJbB2C9NgxHjTWvsk1,
4769,spotify:track:5wfllwdjglyQislkskYLBv,hip hop
4770,spotify:track:4JehYebiI9JE8sR8MisGVb,pop
4771,spotify:track:4UMTp91LHhvW33ol9ZQH0Q,detroit hip hop
4772,spotify:track:13plQdOoWSSXPRUSZc5FuM,dance pop
4773,spotify:track:6Wx88Mv6b9ofjKMKkdwOJd,alternative metal
4774,spotify:track:4NpDZPwSXmL0cCTaJuVrCw,chicago rap
4775,spotify:track:6fvxos1qSHrIgOkKw4dhWS,pop
4776,spotify:track:4K5LLD1QqDCYfCfe7MjAsG,acoustic pop
4777,spotify:track:2oENJa1T33GJ0w8dC167G4,dance pop
4778,spotify:track:58FUwmyGUqkt53YPUcm7cJ,dance pop
4779,spotify:track:1NYjuVSkHaYK7QAIvs7lrF,
4780,spotify:track:3QLjDkgLh9AOEHlhQtDuhs,canadian hip hop
4781,spotify:track:0TcJ7QWpggdSg8t0fHThHm,art pop
4782,spotify:track:6klZDCEsQzMELAPyovvpUw,dirty south rap
4783,spotify:track:1qrpoAMXodY6895hGKoUpA,pop
4784,spotify:track:5VGlqQANWDKJFl0MBG3sg2,modern rock
4785,spotify:track:1Nme6K1PYAh7p7uygyuRdf,dance pop
4786,spotify:track:7kMfu3KUydmrFVGEAhjtyl,neon pop punk
4787,spotify:track:33RJ3P6wc0B0FIyDalhNTv,pop
4788,spotify:track:5Q0Nhxo0l2bP3pNjpGJwV1,pop
4789,spotify:track:0WtM2NBVQNNJLh6scP13H8,nigerian pop
4790,spotify:track:7LR85XLWw2yXqKBSI5brbG,east coast hip hop
4791,spotify:track:0OPyDgTRuIdCJ9B4bYSths,dance pop
4792,spotify:track:3IcIIZMMS7UArJJPtEHXG8,dance pop
4793,spotify:track:3Bi9RWqWQeBYghhOeKPyep,colombian pop
4794,spotify:track:67T6l4q3zVjC5nZZPXByU8,dance pop
4795,spotify:track:7Hqig8kp32q2Ire3ECQvWM,art pop
4796,spotify:track:2igwFfvr1OAGX9SKDCPBwO,east coast hip hop
4797,spotify:track:6OqdF0vHI9xkqswI7EK0cD,classic oklahoma country
4798,spotify:track:6IBcOGPsniK3Pso1wHIhew,contemporary country
4799,spotify:track:1FKxKGONukVFXWVJxAKmlz,pop
4800,spotify:track:3DamFFqW32WihKkTVlwTYQ,indietronica
4801,spotify:track:2wgT2kmeRHkulsMfreGqXE,
4802,spotify:track:6pymOcrCnMuCWdgGVTvUgP,dance pop
4803,spotify:track:5vlEg2fT4cFWAqU5QptIpQ,dance pop
4804,spotify:track:0SiywuOBRcynK0uKGWdCnn,art pop
4805,spotify:track:0HPD5WQqrq7wPWR7P7Dw1i,dance pop
4806,spotify:track:4MKzCHlZvkwJOQRNkdw4zq,big room
4807,spotify:track:11EX5yhxr9Ihl3IN1asrfK,contemporary country
4808,spotify:track:1EZJBB6bvCcrvYRlOyoHuf,neo mellow
4809,spotify:track:3iL2l5gUqyPS6vDwJFgJTR,dirty south rap
4810,spotify:track:2JoJrsEV15OzbijS47lids,pop
4811,spotify:track:78QR3Wp35dqAhFEc2qAGjE,atl hip hop
4812,spotify:track:4686eQ81DEswHa90bcdlC9,modern country pop
4813,spotify:track:4HlFJV71xXKIGcU3kRyttv,dance pop
4814,spotify:track:4EN6UosT26XBMgkI9eA48U,
4815,spotify:track:1WtTLtofvcjQM3sXSMkDdX,atl hip hop
4816,spotify:track:2DHc2e5bBn4UzY0ENVFrUl,dance pop
4817,spotify:track:07rhyW77lp2bGv8EQoZy6k,musical advocacy
4818,spotify:track:5BoIP8Eha5hwmRVURkC2Us,dance pop
4819,spotify:track:2fQ6sBFWaLv2Gxos4igHLy,dance pop
4820,spotify:track:7lWUJpax919G4JdaFEVmCy,dance pop
4821,spotify:track:0JIMT9gzLIIz0esKLyjbKf,newcastle nsw indie
4822,spotify:track:60jzFy6Nn4M0iD1d94oteF,barbadian pop
4823,spotify:track:59dLtGBS26x7kc0rHbaPrq,atl hip hop
4824,spotify:track:0Nu9WA8kEbBWEsay2s8Q0U,classic texas country
4825,spotify:track:285hMzLhJwHVLe9QT9qilk,celtic rock
4826,spotify:track:65FftemJ1DbbZ45DUfHJXE,k-pop
4827,spotify:track:2DKE0fl2pO9dkljuupQZb5,
4828,spotify:track:6lV2MSQmRIkycDScNtrBXO,atl hip hop
4829,spotify:track:3bMNprrp2JDKZsGbiXpsJl,atl hip hop
4830,spotify:track:35srNkJVToAzYiZzron1FY,east coast hip hop
4831,spotify:track:2rDwdvBma1O1eLzo29p2cr,dance pop
4832,spotify:track:6KOEK6SeCEZOQkLj5M1PxH,pop
4833,spotify:track:4lwavw59UjXUPJZtKNdFYp,art pop
4834,spotify:track:6wVnBzgBptzUHarPsVfZju,
4835,spotify:track:7Ie9W94M7OjPoZVV216Xus,detroit hip hop
4836,spotify:track:3kMrazSvILsgcwtidZd1Qd,alternative dance
4837,spotify:track:15JINEqzVMv3SvJTAXAKED,detroit hip hop
4838,spotify:track:2qPUnoasNe4Ep43emVXEig,pop rap
4839,spotify:track:4BycRneKmOs6MhYG9THsuX,canadian hip hop
4840,spotify:track:2V4bv1fNWfTcyRJKmej6Sj,dance pop
4841,spotify:track:2CEgGE6aESpnmtfiZwYlbV,dance pop
4842,spotify:track:17tDv8WA8IhqE8qzuQn707,dance pop
4843,spotify:track:58q2HKrzhC3ozto2nDdN4z,pop
4844,spotify:track:5qxULZVAM943gPjtMaH5NX,atl hip hop
4845,spotify:track:1T8PwF3JhIiWwBhun23RNe,barbadian pop
4846,spotify:track:1w6kG4Rc29m5EherbvpkF5,hip pop
4847,spotify:track:5jzKL4BDMClWqRguW5qZvh,pop
4848,spotify:track:1kMuU3TNQvHbqvXCWBodmP,hip hop
4849,spotify:track:7BqBn9nzAq8spo5e7cZ0dJ,dance pop
4850,spotify:track:0fv2KH6hac06J86hBUTcSf,hip hop
4851,spotify:track:3ZdJffjzJWFimSQyxgGIxN,dance pop
4852,spotify:track:0dBW6ZsW8skfvoRfgeerBF,pop
4853,spotify:track:4DvhkX2ic4zWkQeWMwQ2qf,asian american hip hop
4854,spotify:track:2ENexcMEMsYk0rVJigVD3i,barbadian pop
4855,spotify:track:6ebkx7Q5tTxrCxKq4GYj0Y,dance pop
4856,spotify:track:5YT0DNi6fN4rzd0SX90VR8,
4857,spotify:track:4AYX69oFP3UOS1CFmV9UfO,dance pop
4858,spotify:track:6KBYk8OFtod7brGuZ3Y67q,pop
4859,spotify:track:6wN4nT2qy3MQc098yL3Eu9,r&b
4860,spotify:track:1gv4xPanImH17bKZ9rOveR,dance pop
4861,spotify:track:2XokCsD6kfP9HS345x9b8b,pop
4862,spotify:track:1fBl642IhJOE5U319Gy2Go,modern rock
4863,spotify:track:1p4mnh4jOsO14XtD5zAjaB,
4864,spotify:track:4r6eNCsrZnQWJzzvFh4nlg,pop
4865,spotify:track:6DkXLzBQT7cwXmTyzAB1DJ,barbadian pop
4866,spotify:track:3fH4KjXFYMmljxrcGrbPj9,album rock
4867,spotify:track:4Z41MN53XAqSsCHoGiebZn,
4868,spotify:track:2tJulUYLDKOg9XrtVkMgcJ,dance pop
4869,spotify:track:5A6OHHy73AR5tLxgTc98zz,hip hop
4870,spotify:track:79R98MwYRcQZdAzjjzUbiX,dance pop
4871,spotify:track:5Qy6a5KzM4XlRxsNcGYhgH,hip hop
4872,spotify:track:03tqyYWC9Um2ZqU0ZN849H,atl hip hop
4873,spotify:track:7Dyq1bhhjknLKEGg4k5NLr,dance pop
4874,spotify:track:3rfhI32Il2hVRKDkuGeeen,dance pop
4875,spotify:track:3MGJF1CDFGfjXESL2Heva0,dance pop
4876,spotify:track:65GbQI9VDTs7vo6MJL2iJA,modern blues
4877,spotify:track:6r2BECwMgEoRb5yLfp0Hca,art pop
4878,spotify:track:70ATm56tH7OrQ1zurYssz0,g funk
4879,spotify:track:7ySUcLPVX7KudhnmNcgY2D,barbadian pop
4880,spotify:track:5GYbkDveRD2I8M5ZJ14hWn,canadian pop
4881,spotify:track:2z4U9d5OAA4YLNXoCgioxo,canadian pop
4882,spotify:track:0aBKFfdyOD1Ttvgv0cfjjJ,atl hip hop
4883,spotify:track:26OmI3F6zTMFQfpJf9rLvs,pop
4884,spotify:track:3irR8u6bJNsyNA6TWlFe0R,
4885,spotify:track:2kzRSiyignH8yzPTrWvyPo,hip hop
4886,spotify:track:3hsmbFKT5Cujb5GQjqEU39,r&b
4887,spotify:track:0x3TibRgnSqzkcwrqBd4iX,chicago rap
4888,spotify:track:0w3Q14i073jLoew1hgJkwD,contemporary country
4889,spotify:track:6OeGJKmvkUbBLeG1DuHiv6,
4890,spotify:track:1ia019RqDK2o4QiANR1Dyn,hip pop
4891,spotify:track:1c8gk2PeTE04A1pIDH9YMk,british soul
4892,spotify:track:1ExfPZEiahqhLyajhybFeS,dance pop
4893,spotify:track:38iU2jg98IZZEIJPrP7aWD,dance pop
4894,spotify:track:0QkWikH5Z3U0f79T9iuF6c,art pop
4895,spotify:track:61HQWI1Woxup7CnGwVUsdI,dance pop
4896,spotify:track:4NTWZqvfQTlOMitlVn6tew,chicago rap
4897,spotify:track:1IJYb2qBTHMoDzHgsuA86H,dance pop
4898,spotify:track:0IkKz2J93C94Ei4BvDop7P,dance pop
4899,spotify:track:2uk0YH2ahN0UE5jaCMa5jn,art pop
4900,spotify:track:53DB6LJV9B8sz0p1s6tlGS,hip hop
4901,spotify:track:3hlksXnvbKogFdPbpO9vel,hip pop
4902,spotify:track:3avYqdwHKEq8beXbeWCKqJ,pop
4903,spotify:track:5bdE4ddN4lknkXmvegBf2k,art pop
4904,spotify:track:7LcfRTgAVTs5pQGEQgUEzN,pop
4905,spotify:track:5W7BcYDIaeXnpG3e39T7hJ,hip hop
4906,spotify:track:2qYsSHsYkihWx043HVJQRV,contemporary country
4907,spotify:track:2i0AUcEnsDm3dsqLrFWUCq,dance rock
4908,spotify:track:0gY2iq0xJPRoIB1PScKSw4,classic oklahoma country
4909,spotify:track:6OtCIsQZ64Vs1EbzztvAv4,piano rock
4910,spotify:track:5zpDHEU12zATwLGvozxPw2,detroit hip hop
4911,spotify:track:5cCAZS9VhLGEDV4NCfieeg,dance pop
4912,spotify:track:4u26EevCNXMhlvE1xFBJwX,contemporary country
4913,spotify:track:0qOnSQQF0yzuPWsXrQ9paz,dance pop
4914,spotify:track:46MDLc0Yip6xCMSsdePOAU,barbadian pop
4915,spotify:track:1zwMYTA5nlNjZxYrvBB2pV,british soul
4916,spotify:track:6rkAY9rk1NTFB94QxG3LJR,art pop
4917,spotify:track:16Of7eeW44kt0a1M0nitHM,neon pop punk
4918,spotify:track:0obBFrPYkSoBJbvHfUIhkv,dance pop
4919,spotify:track:1KMkcUvF7m3SDChDOa7i5L,australian hip hop
4920,spotify:track:6qn9YLKt13AGvpq9jfO8py,barbadian pop
4921,spotify:track:7yfg0Eer6UZZt5tZ1XdsWz,canadian hip hop
4922,spotify:track:5stbsplW9uQqbIlOkilU1X,canadian pop
4923,spotify:track:1pbHy9VBpSyZh56xuujZz0,
4924,spotify:track:6nek1Nin9q48AVZcWs9e9D,permanent wave
4925,spotify:track:0RUGuh2uSNFJpGMSsD1F5C,dance pop
4926,spotify:track:2LEF1A8DOZ9wRYikWgVlZ8,dance pop
4927,spotify:track:6hkOqJ5mE093AQf2lbZnsG,pop
4928,spotify:track:07KYRDFf8Q6sqj4PWCP9vh,country
4929,spotify:track:6LxSe8YmdPxy095Ux6znaQ,canadian hip hop
4930,spotify:track:4Li2WHPkuyCdtmokzW2007,east coast hip hop
4931,spotify:track:73CMRj62VK8nUS4ezD2wvi,british soul
4932,spotify:track:4kbj5MwxO1bq9wjT5g9HaA,dance rock
4933,spotify:track:6D60klaHqbCl9ySc8VcRss,dance pop
4934,spotify:track:6MAdEUilV2p9RQUqE5bMAK,dance pop
4935,spotify:track:0srwKuJPH8yBzzFUJMBQM2,hip hop
4936,spotify:track:5HQVUIKwCEXpe7JIHyY734,g funk
4937,spotify:track:2wAJTrFhCnQyNSD3oUgTZO,conscious hip hop
4938,spotify:track:7a86XRg84qjasly9f6bPSD,baroque pop
4939,spotify:track:6yARPLK0PV4heEyh7pVMGz,pop
4940,spotify:track:5yDL13y5giogKs2fSNf7sj,boy band
4941,spotify:track:1oHNvJVbFkexQc0BpQp7Y4,hip pop
4942,spotify:track:28GUjBGqZVcAV4PHSYzkj2,atl hip hop
4943,spotify:track:62zFEHfAYl5kdHYOivj4BC,dance pop
4944,spotify:track:124NFj84ppZ5pAxTuVQYCQ,canadian hip hop
4945,spotify:track:4wCmqSrbyCgxEXROQE6vtV,australian pop
4946,spotify:track:1NpW5kyvO4XrNJ3rnfcNy3,dance pop
4947,spotify:track:4cluDES4hQEUhmXj6TXkSo,boy band
4948,spotify:track:0KAiuUOrLTIkzkpfpn9jb9,dance pop
4949,spotify:track:1gihuPhrLraKYrJMAEONyc,dance pop
4950,spotify:track:4P0osvTXoSYZZC2n8IFH3c,pop
4951,spotify:track:3UGIZ8qcrMTwzLbx6Kttqt,canadian pop
4952,spotify:track:3TGRqZ0a2l1LRblBkJoaDx,canadian pop
4953,spotify:track:4Kz4RdRCceaA9VgTqBhBfa,canadian hip hop
4954,spotify:track:1EAgPzRbK9YmdOESSMUm6P,folk-pop
4955,spotify:track:5WQQIDU3HRaMyPkob8mpFb,barbadian pop
4956,spotify:track:12eMQUn2GzfsfsQLH53M19,atl hip hop
4957,spotify:track:3eQlGeyuSibgAGPEJugaDW,dance pop
4958,spotify:track:5JLv62qFIS1DR3zGEcApRt,pop
4959,spotify:track:11ozIUBoXAgRTVWelDn4pL,indietronica
4960,spotify:track:0lHAMNU8RGiIObScrsRgmP,big room
4961,spotify:track:4qikXelSRKvoCqFcHLB2H2,chicago rap
4962,spotify:track:3bC1ahPIYt1btJzSSEyyrF,dance pop
4963,spotify:track:4k80K0b6KZ2QjAYkXON7q6,dance pop
4964,spotify:track:2o5mwv7hvas1jdUg14Nihv,contemporary country
4965,spotify:track:6t6oULCRS6hnI7rm0h5gwl,baroque pop
4966,spotify:track:4XNrMwGx1SqP01sqkGTDmo,pop
4967,spotify:track:0V1MeRzoASQXtFZU3qt71e,indietronica
4968,spotify:track:3dQFUrOmVMs27w6cwfJzOh,canadian pop
4969,spotify:track:2iUmqdfGZcHIhS3b9E9EWq,modern rock
4970,spotify:track:03UrZgTINDqvnUMbbIMhql,k-rap
4971,spotify:track:4sK96UnGx3NjBaqvfTG2dm,modern alternative rock
4972,spotify:track:3LEgGAl9zLcQWGTp7ptqtQ,pop
4973,spotify:track:0LohatbcUXRauoeMlR1jnS,hip pop
4974,spotify:track:6OkQHbZvH82TomRVylaWQt,
4975,spotify:track:1z9kQ14XBSN0r2v6fx4IdG,barbadian pop
4976,spotify:track:3w3y8KPTfNeOKPiqUTakBh,dance pop
4977,spotify:track:4kte3OcW800TPvOVgrLLj8,dance pop
4978,spotify:track:4bZd0nRuX8HyjeXAUBczvm,dance pop
4979,spotify:track:0W4Kpfp1w2xkY3PrV714B7,folk-pop
4980,spotify:track:6QFCMUUq1T2Vf5sFUXcuQ7,canadian pop
4981,spotify:track:6AtZLIzUINvExIUy4QhdjP,pop
4982,spotify:track:6CjtS2JZH9RkDz5UVInsa9,pop rap
4983,spotify:track:7F43PFsXdFmA2q5Rtv5FmC,covertronica
4984,spotify:track:2iJuuzV8P9Yz0VSurttIV5,dance pop
4985,spotify:track:1jF7IL57ayN4Ity3jQqGu0,dance pop
4986,spotify:track:4X5f3vT8MRuXF68pfjNte5,east coast hip hop
4987,spotify:track:4esOae7i4rqTbAu9o5Pxco,neo soul
4988,spotify:track:7hlA8gMMz6jSp91Twsnuv3,canadian americana
4989,spotify:track:0wavGRldH0AWyu2zvTz8zb,pop
4990,spotify:track:6BtmXhTJMM9sBTHeYYASGz,modern rock
4991,spotify:track:01XFgRZfZI7oBagNf1Loml,edm
4992,spotify:track:0nJW01T7XtvILxQgC5J7Wh,dance pop
4993,spotify:track:5DI9jxTHrEiFAhStG7VA8E,canadian hip hop
4994,spotify:track:5HCyWlXZPP0y6Gqq8TgA20,australian hip hop
4995,spotify:track:2XHzzp1j4IfTNp1FTn7YFg,hip hop
4996,spotify:track:3jZomvOBa5qfTo5HkqI1p5,boy band
4997,spotify:track:6TwfdLbaxTKzQi3AgsZNzx,pop
4998,spotify:track:1mKXFLRA179hdOWQBwUk9e,dance pop
4999,spotify:track:0Hf4aIJpsN4Os2f0y0VqWl,dance pop
5000,spotify:track:4rHZZAmHpZrA3iH5zx8frV,dance pop
5001,spotify:track:4G8gkOterJn0Ywt6uhqbhp,modern rock
5002,spotify:track:7GRu6XaTVRIdV4E0Ty4QGX,big room
5003,spotify:track:26spalP6x2gUAab8rwB8dQ,k-rap
5004,spotify:track:1V6gIisPpYqgFeWbMLI0bA,pop
5005,spotify:track:474uVhyGgK5MtY9gMcDgGl,modern rock
5006,spotify:track:0i5el041vd6nxrGEU8QRxy,contemporary country
5007,spotify:track:2E43WFS4rRc09za2r2GmZl,emo
5008,spotify:track:2Foc5Q5nqNiosCNqttzHof,electro
5009,spotify:track:5nFGgRVB2w2xZdrGAyMzlB,pop
5010,spotify:track:0n4bITAu0Y0nigrz3MFJMb,dance pop
5011,spotify:track:6IyoLWzljeR3ldQo4KWHT6,pluggnb
5012,spotify:track:3xdjjKMcMOFgo1eQrfbogM,black americana
5013,spotify:track:2y4lAQpi5VTNLu2ldeTdUH,pop
5014,spotify:track:55h7vJchibLdUkxdlX3fK7,dance pop
5015,spotify:track:60wwxj6Dd9NJlirf84wr2c,complextro
5016,spotify:track:39FwE8edwuyiaa4PrGBkP7,classic oklahoma country
5017,spotify:track:5T7ZFtCcOgkpjxcuaeZbw0,boy band
5018,spotify:track:37jTPJgwCCmIGMPB45jrPV,east coast hip hop
5019,spotify:track:6mH3qVIeOsnQIAho5eWwhH,hollywood
5020,spotify:track:1BZG99C7Co1r6QUC3zaS59,pop
5021,spotify:track:0HnaqUxvHP5LaWdmWwJpiS,pop
5022,spotify:track:6Z8R6UsFuGXGtiIxiD8ISb,metropopolis
5023,spotify:track:27tNWlhdAryQY04Gb2ZhUI,pop
5024,spotify:track:5ka2ajep9OAvU5Sgduhiex,art pop
5025,spotify:track:0nrRP2bk19rLc0orkWPQk2,edm
5026,spotify:track:60illGAm43KKvJEe0Xh4sJ,art pop
5027,spotify:track:2dLLR6qlu5UJ5gk0dKz0h3,art pop
5028,spotify:track:2vwlzO0Qp8kfEtzTsCXfyE,pop
5029,spotify:track:2aSC2xhRxOLiiZZVjhbylH,canadian hip hop
5030,spotify:track:6Xk7PnitV9jCRorWt2LiVZ,detroit hip hop
5031,spotify:track:6rij5OZoU4FSA2lTbFmRgi,atl hip hop
5032,spotify:track:5HOpkTTVcmZHnthgyxrIL8,comic
5033,spotify:track:6sy3LkhNFjJWlaeSMNwQ62,piano rock
5034,spotify:track:3LlAyCYU26dvFZBDUIMb7a,modern rock
5035,spotify:track:2ixkIrn45mNfdLDLHuyfRt,modern country pop
5036,spotify:track:4IWGnyOHDrVZEtPWfs4s7q,melodic rap
5037,spotify:track:48RrDBpOSSl1aLVCalGl5C,detroit hip hop
5038,spotify:track:3cHyrEgdyYRjgJKSOiOtcS,dance pop
5039,spotify:track:1KxwZYyzWNyZSRyErj2ojT,folk-pop
5040,spotify:track:6twW4ma6w0mOeejejPK0nY,boy band
5041,spotify:track:5wjmqUGN7vrAqFqDWrywlZ,boy band
5042,spotify:track:4nVBt6MZDDP6tRVdQTgxJg,boy band
5043,spotify:track:2HB1jDQn9hCojKIr6Yfhze,neo mellow
5044,spotify:track:6jG2YzhxptolDzLHTGLt7S,pop
5045,spotify:track:4jbmgIyjGoXjY01XxatOx6,pop
5046,spotify:track:5lF0pHbsJ0QqyIrLweHJPW,indietronica
5047,spotify:track:6g6A7qNhTfUgOSH7ROOxTD,dance pop
5048,spotify:track:3G6hD9B2ZHOsgf4WfNu7X1,art pop
5049,spotify:track:3gbBpTdY8lnQwqxNCcf795,metropopolis
5050,spotify:track:60nZcImufyMA1MKQY3dcCH,dance pop
5051,spotify:track:3U4isOIWM3VvDubwSI3y7a,neo soul
5052,spotify:track:2stPxcgjdSImK7Gizl8ZUN,pop soul
5053,spotify:track:5Hroj5K7vLpIG4FNCRIjbP,modern rock
5054,spotify:track:01TyFEZu6mHbffsVfxgrFn,indie pop
5055,spotify:track:6h5yOjQNDaLZ0rW2OGoXTB,edm
5056,spotify:track:58UKC45GPNTflCN6nwCUeF,contemporary country
5057,spotify:track:3nB82yGjtbQFSU0JLAwLRH,dance pop
5058,spotify:track:6SwRhMLwNqEi6alNPVG00n,conscious hip hop
5059,spotify:track:03fT3OHB9KyMtGMt2zwqCT,contemporary country
5060,spotify:track:0sY6ZUTh4yoctD8VIXz339,pop
5061,spotify:track:1fidCEsYlaVE3pHwKCvpFZ,
5062,spotify:track:2sLwPnIP3CUVmIuHranJZU,dance pop
5063,spotify:track:6YUTL4dYpB9xZO5qExPf05,dance pop
5064,spotify:track:6K8qKeWo5MsFED7wCR6Kop,pop
5065,spotify:track:6RtPijgfPKROxEzTHNRiDp,pop
5066,spotify:track:5Nm9ERjJZ5oyfXZTECKmRt,pop
5067,spotify:track:1DunhgeZSEgWiIYbHqXl0c,edm
5068,spotify:track:4gbVRS8gloEluzf0GzDOFc,pop
5069,spotify:track:2s1sdSqGcKxpPr5lCl7jAV,australian dance
5070,spotify:track:5HJqpDspKDKwQpLjvkcIsD,contemporary country
5071,spotify:track:0Y1MWB026LYxGvhq4EcMiC,art pop
5072,spotify:track:32lm3769IRfcnrQV11LO4E,dance pop
5073,spotify:track:794F99D5BQHS5ZGRXAs7I5,hip pop
5074,spotify:track:5jE48hhRu8E6zBDPRSkEq7,hip pop
5075,spotify:track:7pNC5ZIKtwUK0ReSpM3P9f,australian hip hop
5076,spotify:track:12KUFSHFgT0XCoiSlvdQi4,pop
5077,spotify:track:1z3Q0Vv26kdsSc8KshjNWX,dance pop
5078,spotify:track:3s4U7OHV7gnj42VV72eSZ6,pop
5079,spotify:track:2CaSCI1tuGkl94MjQ13yAH,dark trap
5080,spotify:track:14OxJlLdcHNpgsm4DRwDOB,metropopolis
5081,spotify:track:2bL2gyO6kBdLkNSkxXNh6x,pop
5082,spotify:track:0rFke7eNFHbGuGJUdRgjB2,nyc rap
5083,spotify:track:1CS7Sd1u5tWkstBhpssyjP,irish singer-songwriter
5084,spotify:track:3B31sCqNXlshfR4CBUcYJX,pop
5085,spotify:track:5KONnBIQ9LqCxyeSPin26k,dance pop
5086,spotify:track:13P5rwmk2EsoFRIz9UCeh9,electropop
5087,spotify:track:1p80LdxRV74UKvL8gnD7ky,pop
5088,spotify:track:4RYQQajHToempAp8DhWasp,jazz cover
5089,spotify:track:2RqtfcLB7iOZj0zYB8Auhu,dance pop
5090,spotify:track:5J4ZkQpzMUFojo1CtAZYpn,pop
5091,spotify:track:7taXl2C2594pF4gjumrF4W,detroit hip hop
5092,spotify:track:64sn7wgJfeQKY3Jisnl59w,album rock
5093,spotify:track:1HFfMOxCAT4GAwaPfCdmUs,tropical house
5094,spotify:track:32OlwWuMpZ6b0aN2RZOeMS,
5095,spotify:track:6gj08XDlv9Duc2fPOxUmVD,hip pop
5096,spotify:track:0k32ImCRqflvv6YgEZ8QP6,pop
5097,spotify:track:6wJwkMo278iWVlWl1XQ4WA,pop
5098,spotify:track:04aAxqtGp5pv12UXAg4pkq,emo
5099,spotify:track:7umZiitjVsEjMQ6HNddpUI,conscious hip hop
5100,spotify:track:2iuZJX9X9P0GKaE93xcPjk,pop
5101,spotify:track:7aXuop4Qambx5Oi3ynsKQr,atl hip hop
5102,spotify:track:3zHq9ouUJQFQRf3cm1rRLu,indietronica
5103,spotify:track:78TTtXnFQPzwqlbtbwqN0y,barbadian pop
5104,spotify:track:4lIxdJw6W3Fg4vUIYCB0S5,pop
5105,spotify:track:4frLb7nWtsz2ymBE6k2GRP,canadian contemporary r&b
5106,spotify:track:0peuBPX1WVjq3yY5dtR6zq,
5107,spotify:track:2d8JP84HNLKhmd6IYOoupQ,new jersey rap
5108,spotify:track:4JgZMoKzK4IqfbpxsixS6I,traprun
5109,spotify:track:7e44z4wOjkllaD8eulUeMd,hip pop
5110,spotify:track:7KA4W4McWYRpgf0fWsJZWB,hip hop
5111,spotify:track:7oGZAicScQt96OAW4AruYy,dance pop
5112,spotify:track:0fgZUSa7D7aVvv3GfO0A1n,dance pop
5113,spotify:track:7xoUc6faLbCqZO6fQEYprd,pop
5114,spotify:track:5Eg4TsPcqNbIjd8ADMZosg,dance pop
5115,spotify:track:273dCMFseLcVsoSWx59IoE,pop
5116,spotify:track:0PT7nlpo11hYYyfnBgtilT,houston rap
5117,spotify:track:4MflGTO2ZTcSQ12bWcyRgI,neo mellow
5118,spotify:track:2tpfxAXiI52znho4WE3XFA,metropopolis
5119,spotify:track:3cU2wBxuV6nFiuf6PJZNlC,hip pop
5120,spotify:track:023OVLNzXhX0j7CxswUt6D,
5121,spotify:track:5RIVoVdkDLEygELLCniZFr,chicago bop
5122,spotify:track:2TZu0eg6gBNwbqPyzSDqnf,australian metalcore
5123,spotify:track:37f4ITSlgPX81ad2EvmVQr,post-teen pop
5124,spotify:track:1qRA5BS78u3gME0loMl9AA,album rock
5125,spotify:track:66hayvUbTotekKU3H4ta1f,edm
5126,spotify:track:7gdhZ5u9T1tmvd3zud1yQZ,plugg
5127,spotify:track:1Lim1Py7xBgbAkAys3AGAG,dance pop
5128,spotify:track:7fBv7CLKzipRk6EC6TWHOB,canadian contemporary r&b
5129,spotify:track:6mvqrFBASSbxRSfG3jUJpC,pop
5130,spotify:track:5NQbUaeTEOGdD6hHcre0dZ,new jersey rap
5131,spotify:track:5Ab5hXkvll8TIx4KTI9QLc,pop
5132,spotify:track:5jthu3LhI8lshcj1kmrWA5,canadian pop
5133,spotify:track:0wwPcA6wtMf6HUMpIRdeP7,canadian hip hop
5134,spotify:track:7x5xYW5W42OGPAdHUyyguy,reggae fusion
5135,spotify:track:1Ov37jtRQ2YNAe8HzfczkL,pop
5136,spotify:track:5jsw9uXEGuKyJzs0boZ1bT,canadian pop
5137,spotify:track:3NLnwwAQbbFKcEcV8hDItk,boy band
5138,spotify:track:27GmP9AWRs744SzKcpJsTZ,canadian hip hop
5139,spotify:track:5pfJsMwoRYKampPay8amX0,pop rap
5140,spotify:track:70eDxAyAraNTiD6lx2ZEnH,modern blues rock
5141,spotify:track:62PaSfnXSMyLshYJrlTuL3,british soul
5142,spotify:track:09CtPGIpYB4BrO8qb1RGsF,canadian pop
5143,spotify:track:50kpGaPAhYJ3sGmk6vplg0,canadian pop
5144,spotify:track:5zUQZjVB6bfewBXWqsP9PY,canadian contemporary r&b
5145,spotify:track:2YlZnw2ikdb837oKMKjBkW,hip pop
5146,spotify:track:1cdzfFjEbUbgTm5nv3FgXR,pop
5147,spotify:track:0AgfdRRYOLdi8tnWi3sLqv,indietronica
5148,spotify:track:0bYg9bo50gSsH3LtXe2SQn,dance pop
5149,spotify:track:3CRDbSIZ4r5MsZ0YwxuEkn,modern rock
5150,spotify:track:25KybV9BOUlvcnv7nN3Pyo,canadian contemporary r&b
5151,spotify:track:35SbrfbaSpGUBX7e5BPega,colombian pop
5152,spotify:track:6Knv6wdA0luoMUuuoYi2i1,dance pop
5153,spotify:track:1R0a2iXumgCiFb7HEZ7gUE,pop
5154,spotify:track:0PDUDa38GO8lMxLCRc4lL1,pop
5155,spotify:track:40YcuQysJ0KlGQTeGUosTC,indie pop rap
5156,spotify:track:76hfruVvmfQbw0eYn1nmeC,dance pop
5157,spotify:track:1LoriJC05IrHIDwj3q0KC1,pop
5158,spotify:track:7GgWAITsYJaRM3r50rfh5w,british soul
5159,spotify:track:5kqIPrATaCc2LqxVWzQGbk,danish pop
5160,spotify:track:0l0CvurVUrr2w3Jj1hOVFc,hip pop
5161,spotify:track:1MtUq6Wp1eQ8PC6BbPCj8P,dance pop
5162,spotify:track:4tCtwWceOPWzenK2HAIJSb,girl group
5163,spotify:track:6RUhbFEhrvGISaQ8u2j2JN,pop
5164,spotify:track:275a9yzwGB6ncAW4SxY7q3,pop rap
5165,spotify:track:1zi7xx7UVEFkmKfv06H8x0,canadian hip hop
5166,spotify:track:40XeGNGFchGYw7y0ue1GiG,beatlesque
5167,spotify:track:61xaclre5j18KBTizgQlVQ,broadway
5168,spotify:track:4pAl7FkDMNBsjykPXo91B3,barbadian pop
5169,spotify:track:0azC730Exh71aQlOt9Zj3y,dance pop
5170,spotify:track:6hmhG1b4LEyNuashVvuIAo,pop
5171,spotify:track:3S4px9f4lceWdKf0gWciFu,australian dance
5172,spotify:track:2RRRLgo66ueTHX0rn9G4Sn,souldies
5173,spotify:track:2Z8WuEywRWYTKe1NybPQEW,modern rock
5174,spotify:track:7K5dzhGda2vRTaAWYI3hrb,dance pop
5175,spotify:track:6i0V12jOa3mr6uu4WYhUBr,modern rock
5176,spotify:track:0t7fVeEJxO2Xi4H2K5Svc9,british soul
5177,spotify:track:1CwNogTShsnsn1C8UhRmYX,pop
5178,spotify:track:3KwwE4sgCzMaKWq6QBebmX,hip pop
5179,spotify:track:0BCy325UZyR9z0t0uxwn2N,contemporary country
5180,spotify:track:7BKLCZ1jbUBVqRi2FVlTVw,electropop
5181,spotify:track:7zsXy7vlHdItvUSH8EwQss,dance pop
5182,spotify:track:3QGsuHI8jO1Rx4JWLUh9jd,canadian pop
5183,spotify:track:37FXw5QGFN7uwwsLy8uAc0,pop
5184,spotify:track:1mXVgsBdtIVeCLJnSnmtdV,pop
5185,spotify:track:63y6xWR4gXz7bnUGOk8iI6,pop
5186,spotify:track:0lYBSQXN6rCTvUZvg9S0lU,edm
5187,spotify:track:0qy5D3OJre7SPJNMOL9I71,pop rap
5188,spotify:track:7MXVkk9YMctZqd1Srtv4MB,canadian contemporary r&b
5189,spotify:track:6b8Be6ljOzmkOmFslEb23P,dance pop
5190,spotify:track:43bCmCI0nSgcT7QdMXY6LV,pop
5191,spotify:track:0JCpXJE996Bc6MAbPfiSg1,
5192,spotify:track:7vRriwrloYVaoAe3a9wJHe,alt z
5193,spotify:track:6VQ1iGUwAyFugBI73h1iqs,viral trap
5194,spotify:track:6ZSO7kPn8IMJFymyticbJO,alt z
5195,spotify:track:6fujklziTHa8uoM5OQSfIo,melodic rap
5196,spotify:track:343YBumqHu19cGoGARUTsd,canadian hip hop
5197,spotify:track:5hTpBe8h35rJ67eAWHQsJx,pop rap
5198,spotify:track:4Ce37cRWvM1vIGGynKcs22,pop
5199,spotify:track:0wI7QkCcs8FUQE1OkXUIqd,canadian contemporary r&b
5200,spotify:track:1PSBzsahR2AKwLJgx8ehBj,ohio hip hop
5201,spotify:track:0M9ydKzuF3oZTfYYPfaGX1,atl hip hop
5202,spotify:track:7qiZfU4dY1lWllzX7mPBI3,pop
5203,spotify:track:72jbDTw1piOOj770jWNeaG,electropop
5204,spotify:track:55n9yjI6qqXh5F2mYvUc2y,pop
5205,spotify:track:0SGkqnVQo9KPytSri1H6cF,detroit hip hop
5206,spotify:track:0MOMMIuXEVmXCb2pVifmNJ,pop
5207,spotify:track:5oO3drDxtziYU2H1X23ZIp,barbadian pop
5208,spotify:track:3dhjNA0jGA8vHBQ1VdD6vV,canadian contemporary r&b
5209,spotify:track:4Q3N4Ct4zCuIHuZ65E3BD4,florida drill
5210,spotify:track:1dNIEtp7AY3oDAKCGg2XkH,electropop
5211,spotify:track:5mCPDVBb16L4XQwDdbRUpz,canadian hip hop
5212,spotify:track:2bjwRfXMk4uRgOD9IBYl9h,canadian hip hop
5213,spotify:track:2EEeOnHehOozLq4aS0n6SL,deep underground hip hop
5214,spotify:track:5knuzwU65gJK7IF5yJsuaW,pop
5215,spotify:track:7KXjTSCq5nL1LoYtL7XAwS,conscious hip hop
5216,spotify:track:6HZILIRieu8S0iqY8kIKhj,conscious hip hop
5217,spotify:track:0VgkVdmE4gld66l8iyGjgx,atl hip hop
5218,spotify:track:6uBhi9gBXWjanegOb2Phh0,complextro
5219,spotify:track:6habFhsOp2NvshLv26DqMb,latin pop
5220,spotify:track:7GX5flRQZVHRAGd6B4TmDO,melodic rap
5221,spotify:track:7FpBQ067pHB67deawpbbcY,contemporary country
5222,spotify:track:7vu0JkJh0ldukEYbTVcqd0,pop
5223,spotify:track:12GEpg2XOPyqk03JZEZnJs,edm
5224,spotify:track:3a1lNhkSLSkpJE4MSHpDu9,dfw rap
5225,spotify:track:0pqnGHJpmpxLKifKRmU6WP,modern rock
5226,spotify:track:45XhKYRRkyeqoW3teSOkCM,hip hop
5227,spotify:track:0WtDGnWL2KrMCk0mI1Gpwz,atl hip hop
5228,spotify:track:3B54sVLJ402zGa6Xm4YGNe,hip hop
5229,spotify:track:7JJmb5XwzOO8jgpou264Ml,canadian pop
5230,spotify:track:5cF0dROlMOK5uNZtivgu50,pop
5231,spotify:track:4vULYQPAhL2maOdy9LXWZM,
5232,spotify:track:4knL4iPxPOZjQzTUlELGSY,dirty south rap
5233,spotify:track:4Ro98RCK90oHqqSZUnTFq5,pop
5234,spotify:track:5eqK0tbzUPo2SoeZsov04s,atl hip hop
5235,spotify:track:2cOUlop2ZakjOKe4WinesN,pop
5236,spotify:track:0e7ipj03S05BNilyu5bRzt,dfw rap
5237,spotify:track:1P17dC1amhFzptugyAO7Il,pop
5238,spotify:track:5tz69p7tJuGPeMGwNTxYuV,conscious hip hop
5239,spotify:track:6QgjcU0zLnzq5OrUoSZ3OK,indie rock
5240,spotify:track:0yvPEnB032fojLfVluFjUv,pop
5241,spotify:track:1zB4vmk8tFRmM9UULNzbLB,modern rock
5242,spotify:track:7COfe3P7KgfwDwIRB8LIDw,reggaeton
5243,spotify:track:1XRgIKC5TPwo7nWGyKqgG0,atl hip hop
5244,spotify:track:0Qh38w01QRXK6KHIv0e3hb,dance pop
5245,spotify:track:1rfofaqEpACxVEHIZBJe6W,dance pop
5246,spotify:track:43ZyHQITOjhciSUUNPVRHc,emo rap
5247,spotify:track:0tgVpDi06FyKpA1z0VMD4v,pop
5248,spotify:track:2j5hsQvApottzvTn4pFJWF,pop
5249,spotify:track:2DQ1ITjI0YoLFzuADN1ZBW,indie pop rap
5250,spotify:track:7y9iMe8SOB6z3NoHE2OfXl,electropop
5251,spotify:track:4wFjTWCunQFKtukqrNijEt,atl hip hop
5252,spotify:track:4P9Q0GojKVXpRTJCaL3kyy,pop
5253,spotify:track:2ekn2ttSfGqwhhate0LSR0,dance pop
5254,spotify:track:0dIoGTQXDh1wVnhIiSyYEa,pop
5255,spotify:track:4HbiCvH1R7mVOJ7KY7JQBD,emo rap
5256,spotify:track:6DCZcSspjsKoFjzjrWoCdn,canadian hip hop
5257,spotify:track:2WP8G2pdddDmnh1xbfKBOI,canadian hip hop
5258,spotify:track:6Vc5wAMmXdKIAM7WUoEb7N,neo mellow
5259,spotify:track:5vJ0ptQXI9iJnZ589oXTQP,dance pop
5260,spotify:track:2UVbBKQOdFAekPTRsnkzcf,atl hip hop
5261,spotify:track:52okn5MNA47tk87PeZJLEL,hip hop
5262,spotify:track:3swc6WTsr7rl9DqQKQA55C,dfw rap
5263,spotify:track:6HJ34Zyw6bg8yGm28AxLXf,memphis hip hop
5264,spotify:track:77UjLW8j5UAGAGVGhR5oUK,canadian contemporary r&b
5265,spotify:track:3GCdLUSnKSMJhs4Tj6CV3s,conscious hip hop
5266,spotify:track:09IStsImFySgyp0pIQdqAc,complextro
5267,spotify:track:5k38wzpLb15YgncyWdTZE4,indie pop rap
5268,spotify:track:10Igtw8bSDyyFs7KIsKngZ,comedy rap
5269,spotify:track:3ee8Jmje8o58CHK66QrVC2,emo rap
5270,spotify:track:7uzmGiiJyRfuViKKK3lVmR,pop
5271,spotify:track:4eWQlBRaTjPPUlzacqEeoQ,dance pop
5272,spotify:track:6n4U3TlzUGhdSFbUUhTvLP,atl hip hop
5273,spotify:track:3CA9pLiwRIGtUBiMjbZmRw,canadian hip hop
5274,spotify:track:2qT1uLXPVPzGgFOx4jtEuo,pop
5275,spotify:track:2UciqgwVDwro0fev3MFbxJ,conscious hip hop
5276,spotify:track:6tZ3b7ik1QDXFAZlXib0YZ,conscious hip hop
5277,spotify:track:7yotKA30dwTKNEGomV9ZsI,conscious hip hop
5278,spotify:track:0bhnUFDQFCEHCBlsQfHnj5,conscious hip hop
5279,spotify:track:1AT4xjNarTswd0UZ5FlmKF,conscious hip hop
5280,spotify:track:0b9oOr2ZgvyQu88wzixux9,atl hip hop
5281,spotify:track:6vN77lE9LK6HP2DewaN6HZ,atl hip hop
5282,spotify:track:2SrK617QjFTouUuAkFC4S9,pop
5283,spotify:track:2jiNQAlLXiYxmR3t91qUuw,
5284,spotify:track:2QZ7WLBE8h2y1Y5Fb8RYbH,canadian pop
5285,spotify:track:08bNPGLD8AhKpnnERrAc6G,brostep
5286,spotify:track:285pBltuF7vW8TeWk8hdRR,chicago rap
5287,spotify:track:3y6U4YgLtlIedxH5LbSr1u,pop
5288,spotify:track:0JP9xo3adEtGSdUEISiszL,emo rap
5289,spotify:track:7dt6x5M1jzdTEt8oCbisTK,dfw rap
5290,spotify:track:1ZAyjvIk9YiD76yYy0TEG6,atl hip hop
5291,spotify:track:2G7V7zsVDxg1yRsu7Ew9RJ,canadian hip hop
5292,spotify:track:1M6SuEJZJkZf2S419vIPkB,emo rap
5293,spotify:track:5IaHrVsrferBYDm0bDyABy,hip hop
5294,spotify:track:6NFyWDv5CjfwuzoCkw47Xf,pop
5295,spotify:track:2xLMifQCjDGFmkHkpNLD9h,hip hop
5296,spotify:track:45Egmo7icyopuzJN0oMEdk,pop
5297,spotify:track:5OCJzvD7sykQEKHH7qAC3C,pop
5298,spotify:track:1e8J3XClxZbFmvIHLI8CE4,k-pop
5299,spotify:track:5WvAo7DNuPRmk4APhdPzi8,hip hop
5300,spotify:track:2iUXsYOEPhVqEBwsqP70rE,boy band
5301,spotify:track:1jo3TwNGCXfNdB5uba3ZVv,detroit hip hop
5302,spotify:track:4S8d14HvHb70ImctNgVzQQ,chicago rap
5303,spotify:track:4jvjzW7Hm0yK4LvvE0Paz9,emo rap
5304,spotify:track:2FY7b99s15jUprqC0M5NCT,modern rock
5305,spotify:track:072Hl1zCG3UMxc7JBeQk7r,brostep
5306,spotify:track:0FZ4Dmg8jJJAPJnvBIzD9z,florida drill
5307,spotify:track:6FZDfxM3a3UCqtzo5pxSLZ,electropop
5308,spotify:track:1xzBco0xcoJEDXktl7Jxrr,rap
5309,spotify:track:1rqqCSm0Qe4I9rUvWncaom,pop
5310,spotify:track:2GGMabyHXnJmjY6CXhhB2e,pop
5311,spotify:track:3gE4eQH3K83Sght0ZLvuBK,reggaeton
5312,spotify:track:3e9HZxeyfWwjeyPAMmWSSQ,pop
5313,spotify:track:4OafepJy2teCjYJbvFE60J,pop
5314,spotify:track:3Rm787pfQBmS4PTwhI7EUR,atl hip hop
5315,spotify:track:3KkXRkHbMCARz0aVfEt68P,dfw rap
5316,spotify:track:7vQbuQcyTflfCIOu3Uzzya,
5317,spotify:track:2EjXfH91m7f8HiJN1yQg97,adult standards
5318,spotify:track:77khP2fIVhSW23NwxrRluh,american folk revival
5319,spotify:track:4PS1e8f2LvuTFgUs1Cn3ON,adult standards
5320,spotify:track:5hslUAKq9I9CG2bAulFkHN,adult standards
5321,spotify:track:6ocbgoVGwYJhOv1GgI9NsF,pop
5322,spotify:track:2JvzF1RMd7lE3KmFlsyZD8,conscious hip hop
5323,spotify:track:7xQAfvXzm3AkraOtGPWIZg,dfw rap
5324,spotify:track:7FGq80cy8juXBCD2nrqdWU,pop
5325,spotify:track:2IRZnDFmlqMuOrYOLnZZyc,hip hop
5326,spotify:track:2VxeLyX666F8uXCJ0dZF8B,art pop
5327,spotify:track:5GBuCHuPKx6UC7VsSPK0t3,cali rap
5328,spotify:track:4kV4N9D1iKVxx1KLvtTpjS,pop
5329,spotify:track:1v9snH38SnmWwWVCgAB1DR,pop
5330,spotify:track:7eBqSVxrzQZtK2mmgRG6lC,melodic rap
5331,spotify:track:22vgEDb5hykfaTwLuskFGD,boy band
5332,spotify:track:2YpeDb67231RjR0MgVLzsG,lgbtq+ hip hop
5333,spotify:track:6Xn2qYbDVknv3VvbBOB7aK,pop
5334,spotify:track:6TqXcAFInzjp0bODyvrWEq,pop
5335,spotify:track:2Fxmhks0bxGSBdJ92vM42m,art pop
5336,spotify:track:7DnAm9FOTWE3cUvso43HhI,pop
5337,spotify:track:4d7ZvmD7eV1W510JpOjWLW,pop
5338,spotify:track:2gwkD6igEhQbDQegRCcdoB,hip hop
5339,spotify:track:0PAcdVzhPO4gq1Iym9ESnK,contemporary country
5340,spotify:track:7DcvwMAiqKJQD1rrdfxSDx,atl hip hop
5341,spotify:track:2bT1PH7Cw3J9p3t7nlXCdh,canadian pop
5342,spotify:track:6EdOyMfoVX6aTsHjbJU7oP,canadian pop
5343,spotify:track:5ry2OE6R2zPQFDO85XkgRb,canadian hip hop
5344,spotify:track:6XHVuErjQ4XNm6nDPVCxVX,r&b
5345,spotify:track:3HWzoMvoF3TQfYg4UPszDq,escape room
5346,spotify:track:6RRNNciQGZEXnqk8SQ9yv5,pop
5347,spotify:track:0t3ZvGKlmYmVsDzBJAXK8C,dfw rap
5348,spotify:track:4QeHxxiBqEgvB0CE7AwwUa,battle rap
5349,spotify:track:2KKijf6Ett4kmVNJze2roh,black americana
5350,spotify:track:1dGr1c8CrMLDpV6mPbImSI,pop
5351,spotify:track:1000nHvUdawXuUHgBod4Wv,lgbtq+ hip hop
5352,spotify:track:21jGcNKet2qwijlDFuPiPb,dfw rap
5353,spotify:track:2aIB1CdRRG7YLBu9hNw9nR,alternative metal
5354,spotify:track:4l0Mvzj72xxOpRrp6h8nHi,pop
5355,spotify:track:6KgBpzTuTRPebChN0VTyzV,escape room
5356,spotify:track:2QpGZOhTCHHiKmpSO9FW4h,chicago rap
5357,spotify:track:4cktbXiXOapiLBMprHFErI,pop
5358,spotify:track:2wrJq5XKLnmhRXHIAf9xBa,contemporary country
5359,spotify:track:3eekarcy7kvN4yt5ZFzltW,hip hop
5360,spotify:track:696DnlkuDOXcMAnKlTgXXK,pop rap
5361,spotify:track:2XU0oxnq2qxCpomAAuJY8K,australian pop
5362,spotify:track:6Ozh9Ok6h4Oi1wUSLtBseN,hip hop
5363,spotify:track:2FRnf9qhLbvw8fu4IBXx78,new romantic
5364,spotify:track:0oPdaY4dXtc3ZsaG17V972,latin pop
5365,spotify:track:0nbXyq5TXYPCO7pr3N8S4I,melodic rap
5366,spotify:track:2uFaJJtFpPDc5Pa95XzTvg,adult standards
5367,spotify:track:5yY9lUy8nbvjM1Uyo1Uqoc,atl hip hop
5368,spotify:track:6IGGSnvsB2E7fkBrYPiYYw,dance pop
5369,spotify:track:3ZCTVFBt2Brf31RLEnCkWJ,art pop
5370,spotify:track:7FIWs0pqAYbP91WWM0vlTQ,detroit hip hop
5371,spotify:track:72DkM0i2AhcIrxjshLBWXM,canadian pop
5372,spotify:track:5FVbvttjEvQ8r2BgUcJgNg,k-pop
5373,spotify:track:0VjIjW4GlUZAMYd2vXMi3b,canadian contemporary r&b
5374,spotify:track:7c0l3KyiFRt3h5EXijNikL,canadian pop
5375,spotify:track:6bnF93Rx87YqUBLSgjiMU8,canadian contemporary r&b
5376,spotify:track:6jRq8gaZhMUyy5RclRPcAf,alt z
5377,spotify:track:3jjujdWJ72nww5eGnfs2E7,pop
5378,spotify:track:6VoIBz0VhCyz7OdEoRYDiA,alternative rock
5379,spotify:track:39Yp9wwQiSRIDOvrVg7mbk,viral rap
5380,spotify:track:127QTOFJsJQp5LbJbu3A1y,canadian hip hop
5381,spotify:track:55CHeLEfn5iJ0IIkgaa4si,houston rap
5382,spotify:track:5dOxHHMOFAbG3VH23t0xNm,chicago rap
5383,spotify:track:7yFhA2fUsL2oIMWlw5DaHQ,classic texas country
5384,spotify:track:7ju97lgwC2rKQ6wwsf9no9,art pop
5385,spotify:track:0zLCBJZSiELJf02ucPP9wb,melodic rap
5386,spotify:track:4HBZA5flZLE435QTztThqH,pop
5387,spotify:track:44gRhRi2OhEf7moAUj6MD1,atl hip hop
5388,spotify:track:1jaTQ3nqY3oAAYyCTbIvnM,deep underground hip hop
5389,spotify:track:22LAwLoDA5b4AaGSkg6bKW,melodic rap
5390,spotify:track:4R2kfaDFhslZEMJqAFNpdd,pop
5391,spotify:track:5enxwA8aAbwZbf5qCHORXi,pop
5392,spotify:track:4pvb0WLRcMtbPGmtejJJ6y,pop
5393,spotify:track:1xQ6trAsedVPCdbtDAmk0c,nz pop
5394,spotify:track:1IIKrJVP1C9N7iPtG6eOsK,r&b
5395,spotify:track:2Eeur20xVqfUoM3Q7EFPFt,pop
5396,spotify:track:6EDO9iiTtwNv6waLwa1UUq,hip hop
5397,spotify:track:5QDLhrAOJJdNAmCTJ8xMyW,k-pop
5398,spotify:track:4Oun2ylbjFKMPTiaSbbCih,pop
5399,spotify:track:2SAqBLGA283SUiwJ3xOUVI,canadian hip hop
5400,spotify:track:2gMXnyrvIjhVBUZwvLZDMP,pop
5401,spotify:track:23T0OX7QOiIUFShSzbJ5Uo,contemporary country
5402,spotify:track:0yUaLqhsVsguBpoOPL4cO7,bronx drill
5403,spotify:track:017PF4Q3l4DBUiWoXk4OWT,dance pop
5404,spotify:track:0PvFJmanyNQMseIFrU708S,brooklyn drill
5405,spotify:track:4jVBIpuOiMj1crqd8LoCrJ,hip hop
5406,spotify:track:2Cxklox4Ti6ZnaLaL2MgrH,canadian pop
5407,spotify:track:7hxHWCCAIIxFLCzvDgnQHX,viral rap
5408,spotify:track:35mvY5S1H3J2QZyna3TFe0,pop
5409,spotify:track:2Z8yfpFX0ZMavHkcIeHiO1,canadian pop
5410,spotify:track:5G9rJwa4yHo6MFsAi1Bvnd,art pop
5411,spotify:track:0A1hoCfMLkiAgvhWkkucJa,houston rap
5412,spotify:track:7Ki0hse0IfXEcXUlpyECbJ,k-pop
5413,spotify:track:47EiUVwUp4C9fGccaPuUCS,reggaeton
5414,spotify:track:5nujrmhLynf4yMoMtj8AQF,dance pop
5415,spotify:track:5FQPpxOXsvkMN6v18gtpwY,
5416,spotify:track:5wANPM4fQCJwkGd4rN57mH,pop
5417,spotify:track:6Im9k8u9iIzKMrmV7BWtlF,pop
5418,spotify:track:3YJJjQPAbDT7mGpX3WtQ9A,pop
5419,spotify:track:4fKiuIavbsoTRZ6R7xuAyT,canadian pop
5420,spotify:track:5QO79kh1waicV47BqGRL3g,canadian contemporary r&b
5421,spotify:track:6gdLyYNuhWBzqwlOFSsXC7,contemporary country
5422,spotify:track:1XXimziG1uhM0eDNCZCrUl,pop
5423,spotify:track:3J8EOeKLTLXORtWPpOU5bE,brooklyn drill
5424,spotify:track:1tkg4EHVoqnhR6iFEXb60y,brooklyn drill
5425,spotify:track:7FGdjbZ32vMybPuP0IuE7d,memphis hip hop
5426,spotify:track:5vGLcdRuSbUhD8ScwsGSdA,nyc rap
5427,spotify:track:1SC5rEoYDGUK4NfG82494W,lgbtq+ hip hop
5428,spotify:track:4w9soAM7IrmYDhSXLp14p6,
5429,spotify:track:02VBYrHfVwfEWXk5DXyf0T,dance pop
5430,spotify:track:3zc8VZEpM1onYV4FWGdFvm,florida rap
5431,spotify:track:3Ofmpyhv5UAQ70mENzB277,australian hip hop
5432,spotify:track:3aQem4jVGdhtg116TmJnHz,canadian hip hop
5433,spotify:track:18vXApRmJSgQ6wG2ll9AOg,chicago rap
5434,spotify:track:6HU7h9RYOaPRFeh0R3UeAr,pop
5435,spotify:track:2LbNkvmYabhVf9jBCVeLm7,florida drill
5436,spotify:track:4Iedi94TIaB2GGb1nMB68v,atl hip hop
5437,spotify:track:6jjYDGxVJsWS0a5wlVF5vS,k-pop
5438,spotify:track:4ZtFanR9U6ndgddUvNcjcG,pop
5439,spotify:track:5CZ40GBx1sQ9agT82CLQCT,pop
5440,spotify:track:6SRsiMl7w1USE4mFqrOhHC,pop
5441,spotify:track:2TOzTqQXNmR2zDJXihjZ2e,pop
5442,spotify:track:2tGvwE8GcFKwNdAXMnlbfl,pop
5443,spotify:track:3rmo8F54jFF8OgYsqTxm5d,pop
5444,spotify:track:0k4d5YPDr1r7FX77VdqWez,dance pop
5445,spotify:track:5B0kgjHULYJhAQkK5XsMoC,hip hop
5446,spotify:track:27NovPIUIRrOZoCHxABJwK,lgbtq+ hip hop
5447,spotify:track:3XYRV7ZSHqIRDG87DKTtry,k-pop
5448,spotify:track:1WQ40xJSvgDmD9K7ckJwux,contemporary country
5449,spotify:track:5FG7Tl93LdH117jEKYl3Cm,afro dancehall
5450,spotify:track:3Vi5XqYrmQgOYBajMWSvCi,dance pop
5451,spotify:track:3FeVmId7tL5YN8B7R3imoM,permanent wave
5452,spotify:track:0k1WUmIRnG3xU6fvvDVfRG,canadian hip hop
5453,spotify:track:2BcMwX1MPV6ZHP4tUT9uq6,canadian hip hop
5454,spotify:track:50nfwKoDiSYg8zOCREWAm5,pop
5455,spotify:track:3USxtqRwSYz57Ewm6wWRMp,gauze pop
5456,spotify:track:0gplL1WMoJ6iYaPgMCL0gX,british soul
5457,spotify:track:3Wrjm47oTz2sjIgck11l5e,indie rock italiano
5458,spotify:track:6zSpb8dQRaw0M1dK8PBwQz,glam rock
5459,spotify:track:3Kkjo3cT83cw09VJyrLNwX,british soul
5460,spotify:track:3xVZYkcuWalGudeKl861wb,dance pop
5461,spotify:track:2pXpURmn6zC5ZYDMms6fwa,adult standards
5462,spotify:track:5ASM6Qjiav2xPe7gRkQMsQ,brill building pop
5463,spotify:track:52xJxFP6TqMuO4Yt0eOkMz,movie tunes
5464,spotify:track:4A8cWXxKfIL3lAyUDzXbCF,florida drill
5465,spotify:track:3XOalgusokruzA5ZBA2Qcb,atl hip hop
5466,spotify:track:4fouWK6XVHhzl78KzQ1UjL,modern alternative pop
5467,spotify:track:760jhRscwGbIIe1m1IIQpU,movie tunes
5468,spotify:track:6I3mqTwhRpn34SLVafSH7G,canadian pop
5469,spotify:track:0e8nrvls4Qqv5Rfa2UhqmO,lgbtq+ hip hop
5470,spotify:track:6Zu3aw7FfjAF9WA0fA81Oq,trap queen
5471,spotify:track:4LRPiXqCikLlN15c3yImP7,pop
5472,spotify:track:0wHFktze2PHC5jDt3B17DC,deep underground hip hop
5473,spotify:track:1r8ZCjfrQxoy2wVaBUbpwg,australian hip hop
5474,spotify:track:59nOXPmaKlBfGMDeOVGrIK,atl hip hop
5475,spotify:track:1qEmFfgcLObUfQm0j1W2CK,pop
5476,spotify:track:5LYMamLv12UPbemOaTPyeV,pop
5477,spotify:track:6uvh0In7u1Xn4HgxOfAn8O,pop
5478,spotify:track:6Sq7ltF9Qa7SNFBsV5Cogx,reggaeton
5479,spotify:track:51Zw1cKDgkad0CXv23HCMU,pop
5480,spotify:track:3i058E8uxTsYqJ5NWZzqSj,pop
5481,spotify:track:4j6kId9QIqhoXvqHKgSKa0,pop
5482,spotify:track:3F5CgOj3wFlRv51JsHbxhe,canadian hip hop
5483,spotify:track:1PtQJZVZIdWIYdARpZRDFO,art pop
5484,spotify:track:5pyoxDZ1PX0KxBxiRVxA4U,pop
5485,spotify:track:6xGruZOHLs39ZbVccQTuPZ,viral pop
5486,spotify:track:1IHWl5LamUGEuP4ozKQSXZ,reggaeton
5487,spotify:track:48UKTR66uUOT9LaUvooTNx,contemporary country
5488,spotify:track:0O6u0VJ46W86TxN9wgyqDj,dfw rap
5489,spotify:track:5CM4UuQ9Gnd6K2YyKGPMoK,afrofuturism
5490,spotify:track:4h4QlmocP3IuwYEj2j14p8,
5491,spotify:track:72yP0DUlWPyH8P7IoxskwN,glam rock
5492,spotify:track:4C6Uex2ILwJi9sZXRdmqXp,hip pop
5493,spotify:track:5W4kiM2cUYBJXKRudNyxjW,contemporary country
5494,spotify:track:4h9wh7iOZ0GGn8QVp4RAOB,piano rock
5495,spotify:track:3bXRd0yVb5sw2WVblM5URR,pop
5496,spotify:track:0WNfQxDGaPTl0yogcMR5v1,
5497,spotify:track:0hquQWY3xvYqN4qtiquniF,dance pop
5498,spotify:track:5jQI2r1RdgtuT8S3iG8zFC,pop
5499,spotify:track:3eX0NZfLtGzoLUxPNvRfqm,pop
5500,spotify:track:1wtOxkiel43cVs0Yux5Q4h,pop
5501,spotify:track:3rWDp9tBPQR9z6U5YyRSK4,pop
5502,spotify:track:3qoftcUZaUOncvIYjFSPdE,pop
5503,spotify:track:0heeNYlwOGuUSe7TgUD27B,pop
5504,spotify:track:3wSoldbVD3INhjyyNYaxpD,
5505,spotify:track:7KokYm8cMIXCsGVmUvKtqf,pop
5506,spotify:track:1xwAWUI6Dj0WGC3KiUPN0O,pop
5507,spotify:track:7FmYn9e7KHMXcxqGSj9LjH,pop
5508,spotify:track:0A1JLUlkZkp2EFrosoNQi0,pop
5509,spotify:track:1bDbXMyjaUIooNwFE9wn0N,canadian hip hop
5510,spotify:track:7DPpYxtgEoufjv2vUyLhFW,big room
5511,spotify:track:7oDd86yk8itslrA9HRP2ki,canadian contemporary r&b
